,source,mutation_method,temperature,population_size,num_iterations,best_state,best_score
0,1,shuffle,1,5,10,"[1, 0, 2, 3, 4]",104.1531744
1,1,shuffle,1,5,50,"[1, 0, 2, 3, 4]",104.1531744
2,1,shuffle,1,5,100,"[1, 0, 2, 3, 4]",104.1531744
3,1,shuffle,1,5,200,"[1, 0, 2, 3, 4]",104.1531744
4,1,shuffle,1,5,500,"[1, 0, 2, 3, 4]",104.1531744
5,1,shuffle,1,10,10,"[1, 0, 2, 3, 4]",104.1531744
6,1,shuffle,1,10,50,"[1, 0, 2, 3, 4]",104.1531744
7,1,shuffle,1,10,100,"[1, 0, 2, 3, 4]",104.1531744
8,1,shuffle,1,10,200,"[1, 0, 2, 3, 4]",104.1531744
9,1,shuffle,1,10,500,"[1, 0, 2, 3, 4]",104.1531744
10,1,shuffle,1,20,10,"[1, 0, 2, 3, 4]",104.1531744
11,1,shuffle,1,20,50,"[1, 0, 2, 3, 4]",104.1531744
12,1,shuffle,1,20,100,"[1, 0, 2, 3, 4]",104.1531744
13,1,shuffle,1,20,200,"[1, 0, 2, 3, 4]",104.1531744
14,1,shuffle,1,20,500,"[1, 0, 2, 3, 4]",104.1531744
15,1,shuffle,1,50,10,"[1, 0, 2, 3, 4]",104.1531744
16,1,shuffle,1,50,50,"[1, 0, 2, 3, 4]",104.1531744
17,1,shuffle,1,50,100,"[1, 0, 2, 3, 4]",104.1531744
18,1,shuffle,1,50,200,"[1, 0, 2, 3, 4]",104.1531744
19,1,shuffle,1,50,500,"[1, 0, 2, 3, 4]",104.1531744
20,1,shuffle,1,100,10,"[1, 0, 2, 3, 4]",104.1531744
21,1,shuffle,1,100,50,"[1, 0, 2, 3, 4]",104.1531744
22,1,shuffle,1,100,100,"[1, 0, 2, 3, 4]",104.1531744
23,1,shuffle,1,100,200,"[1, 0, 2, 3, 4]",104.1531744
24,1,shuffle,1,100,500,"[1, 0, 2, 3, 4]",104.1531744
25,1,shuffle,2,5,10,"[1, 0, 2, 3, 4]",104.1531744
26,1,shuffle,2,5,50,"[1, 0, 2, 3, 4]",104.1531744
27,1,shuffle,2,5,100,"[1, 0, 2, 3, 4]",104.1531744
28,1,shuffle,2,5,200,"[1, 0, 2, 3, 4]",104.1531744
29,1,shuffle,2,5,500,"[1, 0, 2, 3, 4]",104.1531744
30,1,shuffle,2,10,10,"[1, 0, 2, 3, 4]",104.1531744
31,1,shuffle,2,10,50,"[1, 0, 2, 3, 4]",104.1531744
32,1,shuffle,2,10,100,"[1, 0, 2, 3, 4]",104.1531744
33,1,shuffle,2,10,200,"[1, 0, 2, 3, 4]",104.1531744
34,1,shuffle,2,10,500,"[1, 0, 2, 3, 4]",104.1531744
35,1,shuffle,2,20,10,"[1, 0, 2, 3, 4]",104.1531744
36,1,shuffle,2,20,50,"[1, 0, 2, 3, 4]",104.1531744
37,1,shuffle,2,20,100,"[1, 0, 2, 3, 4]",104.1531744
38,1,shuffle,2,20,200,"[1, 0, 2, 3, 4]",104.1531744
39,1,shuffle,2,20,500,"[1, 0, 2, 3, 4]",104.1531744
40,1,shuffle,2,50,10,"[1, 0, 2, 3, 4]",104.1531744
41,1,shuffle,2,50,50,"[1, 0, 2, 3, 4]",104.1531744
42,1,shuffle,2,50,100,"[1, 0, 2, 3, 4]",104.1531744
43,1,shuffle,2,50,200,"[1, 0, 2, 3, 4]",104.1531744
44,1,shuffle,2,50,500,"[1, 0, 2, 3, 4]",104.1531744
45,1,shuffle,2,100,10,"[1, 0, 2, 3, 4]",104.1531744
46,1,shuffle,2,100,50,"[1, 0, 2, 3, 4]",104.1531744
47,1,shuffle,2,100,100,"[1, 0, 2, 3, 4]",104.1531744
48,1,shuffle,2,100,200,"[1, 0, 2, 3, 4]",104.1531744
49,1,shuffle,2,100,500,"[1, 0, 2, 3, 4]",104.1531744
50,1,shuffle,3,5,10,"[1, 0, 2, 3, 4]",104.1531744
51,1,shuffle,3,5,50,"[1, 0, 2, 3, 4]",104.1531744
52,1,shuffle,3,5,100,"[1, 0, 2, 3, 4]",104.1531744
53,1,shuffle,3,5,200,"[1, 0, 2, 3, 4]",104.1531744
54,1,shuffle,3,5,500,"[1, 0, 2, 3, 4]",104.1531744
55,1,shuffle,3,10,10,"[1, 0, 2, 3, 4]",104.1531744
56,1,shuffle,3,10,50,"[1, 0, 2, 3, 4]",104.1531744
57,1,shuffle,3,10,100,"[1, 0, 2, 3, 4]",104.1531744
58,1,shuffle,3,10,200,"[1, 0, 2, 3, 4]",104.1531744
59,1,shuffle,3,10,500,"[1, 0, 2, 3, 4]",104.1531744
60,1,shuffle,3,20,10,"[1, 0, 2, 3, 4]",104.1531744
61,1,shuffle,3,20,50,"[1, 0, 2, 3, 4]",104.1531744
62,1,shuffle,3,20,100,"[1, 0, 2, 3, 4]",104.1531744
63,1,shuffle,3,20,200,"[1, 0, 2, 3, 4]",104.1531744
64,1,shuffle,3,20,500,"[1, 0, 2, 3, 4]",104.1531744
65,1,shuffle,3,50,10,"[1, 0, 2, 3, 4]",104.1531744
66,1,shuffle,3,50,50,"[1, 0, 2, 3, 4]",104.1531744
67,1,shuffle,3,50,100,"[1, 0, 2, 3, 4]",104.1531744
68,1,shuffle,3,50,200,"[1, 0, 2, 3, 4]",104.1531744
69,1,shuffle,3,50,500,"[1, 0, 2, 3, 4]",104.1531744
70,1,shuffle,3,100,10,"[1, 0, 2, 3, 4]",104.1531744
71,1,shuffle,3,100,50,"[1, 0, 2, 3, 4]",104.1531744
72,1,shuffle,3,100,100,"[1, 0, 2, 3, 4]",104.1531744
73,1,shuffle,3,100,200,"[1, 0, 2, 3, 4]",104.1531744
74,1,shuffle,3,100,500,"[1, 0, 2, 3, 4]",104.1531744
75,1,shuffle,5,5,10,"[1, 0, 2, 3, 4]",104.1531744
76,1,shuffle,5,5,50,"[1, 0, 2, 3, 4]",104.1531744
77,1,shuffle,5,5,100,"[1, 0, 2, 3, 4]",104.1531744
78,1,shuffle,5,5,200,"[1, 0, 2, 3, 4]",104.1531744
79,1,shuffle,5,5,500,"[1, 0, 2, 3, 4]",104.1531744
80,1,shuffle,5,10,10,"[1, 0, 2, 3, 4]",104.1531744
81,1,shuffle,5,10,50,"[1, 0, 2, 3, 4]",104.1531744
82,1,shuffle,5,10,100,"[1, 0, 2, 3, 4]",104.1531744
83,1,shuffle,5,10,200,"[1, 0, 2, 3, 4]",104.1531744
84,1,shuffle,5,10,500,"[1, 0, 2, 3, 4]",104.1531744
85,1,shuffle,5,20,10,"[1, 0, 2, 3, 4]",104.1531744
86,1,shuffle,5,20,50,"[1, 0, 2, 3, 4]",104.1531744
87,1,shuffle,5,20,100,"[1, 0, 2, 3, 4]",104.1531744
88,1,shuffle,5,20,200,"[1, 0, 2, 3, 4]",104.1531744
89,1,shuffle,5,20,500,"[1, 0, 2, 3, 4]",104.1531744
90,1,shuffle,5,50,10,"[1, 0, 2, 3, 4]",104.1531744
91,1,shuffle,5,50,50,"[1, 0, 2, 3, 4]",104.1531744
92,1,shuffle,5,50,100,"[1, 0, 2, 3, 4]",104.1531744
93,1,shuffle,5,50,200,"[1, 0, 2, 3, 4]",104.1531744
94,1,shuffle,5,50,500,"[1, 0, 2, 3, 4]",104.1531744
95,1,shuffle,5,100,10,"[1, 0, 2, 3, 4]",104.1531744
96,1,shuffle,5,100,50,"[1, 0, 2, 3, 4]",104.1531744
97,1,shuffle,5,100,100,"[1, 0, 2, 3, 4]",104.1531744
98,1,shuffle,5,100,200,"[1, 0, 2, 3, 4]",104.1531744
99,1,shuffle,5,100,500,"[1, 0, 2, 3, 4]",104.1531744
100,1,shuffle,8,5,10,"[1, 0, 2, 3, 4]",104.1531744
101,1,shuffle,8,5,50,"[1, 0, 2, 3, 4]",104.1531744
102,1,shuffle,8,5,100,"[1, 0, 2, 3, 4]",104.1531744
103,1,shuffle,8,5,200,"[1, 0, 2, 3, 4]",104.1531744
104,1,shuffle,8,5,500,"[1, 0, 2, 3, 4]",104.1531744
105,1,shuffle,8,10,10,"[1, 0, 2, 3, 4]",104.1531744
106,1,shuffle,8,10,50,"[1, 0, 2, 3, 4]",104.1531744
107,1,shuffle,8,10,100,"[1, 0, 2, 3, 4]",104.1531744
108,1,shuffle,8,10,200,"[1, 0, 2, 3, 4]",104.1531744
109,1,shuffle,8,10,500,"[1, 0, 2, 3, 4]",104.1531744
110,1,shuffle,8,20,10,"[1, 0, 2, 3, 4]",104.1531744
111,1,shuffle,8,20,50,"[1, 0, 2, 3, 4]",104.1531744
112,1,shuffle,8,20,100,"[1, 0, 2, 3, 4]",104.1531744
113,1,shuffle,8,20,200,"[1, 0, 2, 3, 4]",104.1531744
114,1,shuffle,8,20,500,"[1, 0, 2, 3, 4]",104.1531744
115,1,shuffle,8,50,10,"[1, 0, 2, 3, 4]",104.1531744
116,1,shuffle,8,50,50,"[1, 0, 2, 3, 4]",104.1531744
117,1,shuffle,8,50,100,"[1, 0, 2, 3, 4]",104.1531744
118,1,shuffle,8,50,200,"[1, 0, 2, 3, 4]",104.1531744
119,1,shuffle,8,50,500,"[1, 0, 2, 3, 4]",104.1531744
120,1,shuffle,8,100,10,"[1, 0, 2, 3, 4]",104.1531744
121,1,shuffle,8,100,50,"[1, 0, 2, 3, 4]",104.1531744
122,1,shuffle,8,100,100,"[1, 0, 2, 3, 4]",104.1531744
123,1,shuffle,8,100,200,"[1, 0, 2, 3, 4]",104.1531744
124,1,shuffle,8,100,500,"[1, 0, 2, 3, 4]",104.1531744
125,1,shuffle,13,5,10,"[1, 0, 2, 3, 4]",104.1531744
126,1,shuffle,13,5,50,"[1, 0, 2, 3, 4]",104.1531744
127,1,shuffle,13,5,100,"[1, 0, 2, 3, 4]",104.1531744
128,1,shuffle,13,5,200,"[1, 0, 2, 3, 4]",104.1531744
129,1,shuffle,13,5,500,"[1, 0, 2, 3, 4]",104.1531744
130,1,shuffle,13,10,10,"[1, 0, 2, 3, 4]",104.1531744
131,1,shuffle,13,10,50,"[1, 0, 2, 3, 4]",104.1531744
132,1,shuffle,13,10,100,"[1, 0, 2, 3, 4]",104.1531744
133,1,shuffle,13,10,200,"[1, 0, 2, 3, 4]",104.1531744
134,1,shuffle,13,10,500,"[1, 0, 2, 3, 4]",104.1531744
135,1,shuffle,13,20,10,"[1, 0, 2, 3, 4]",104.1531744
136,1,shuffle,13,20,50,"[1, 0, 2, 3, 4]",104.1531744
137,1,shuffle,13,20,100,"[1, 0, 2, 3, 4]",104.1531744
138,1,shuffle,13,20,200,"[1, 0, 2, 3, 4]",104.1531744
139,1,shuffle,13,20,500,"[1, 0, 2, 3, 4]",104.1531744
140,1,shuffle,13,50,10,"[1, 0, 2, 3, 4]",104.1531744
141,1,shuffle,13,50,50,"[1, 0, 2, 3, 4]",104.1531744
142,1,shuffle,13,50,100,"[1, 0, 2, 3, 4]",104.1531744
143,1,shuffle,13,50,200,"[1, 0, 2, 3, 4]",104.1531744
144,1,shuffle,13,50,500,"[1, 0, 2, 3, 4]",104.1531744
145,1,shuffle,13,100,10,"[1, 0, 2, 3, 4]",104.1531744
146,1,shuffle,13,100,50,"[1, 0, 2, 3, 4]",104.1531744
147,1,shuffle,13,100,100,"[1, 0, 2, 3, 4]",104.1531744
148,1,shuffle,13,100,200,"[1, 0, 2, 3, 4]",104.1531744
149,1,shuffle,13,100,500,"[1, 0, 2, 3, 4]",104.1531744
150,1,shuffle,21,5,10,"[1, 0, 2, 3, 4]",104.1531744
151,1,shuffle,21,5,50,"[1, 0, 2, 3, 4]",104.1531744
152,1,shuffle,21,5,100,"[1, 0, 2, 3, 4]",104.1531744
153,1,shuffle,21,5,200,"[1, 0, 2, 3, 4]",104.1531744
154,1,shuffle,21,5,500,"[1, 0, 2, 3, 4]",104.1531744
155,1,shuffle,21,10,10,"[1, 0, 2, 3, 4]",104.1531744
156,1,shuffle,21,10,50,"[1, 0, 2, 3, 4]",104.1531744
157,1,shuffle,21,10,100,"[1, 0, 2, 3, 4]",104.1531744
158,1,shuffle,21,10,200,"[1, 0, 2, 3, 4]",104.1531744
159,1,shuffle,21,10,500,"[1, 0, 2, 3, 4]",104.1531744
160,1,shuffle,21,20,10,"[1, 0, 2, 3, 4]",104.1531744
161,1,shuffle,21,20,50,"[1, 0, 2, 3, 4]",104.1531744
162,1,shuffle,21,20,100,"[1, 0, 2, 3, 4]",104.1531744
163,1,shuffle,21,20,200,"[1, 0, 2, 3, 4]",104.1531744
164,1,shuffle,21,20,500,"[1, 0, 2, 3, 4]",104.1531744
165,1,shuffle,21,50,10,"[1, 0, 2, 3, 4]",104.1531744
166,1,shuffle,21,50,50,"[1, 0, 2, 3, 4]",104.1531744
167,1,shuffle,21,50,100,"[1, 0, 2, 3, 4]",104.1531744
168,1,shuffle,21,50,200,"[1, 0, 2, 3, 4]",104.1531744
169,1,shuffle,21,50,500,"[1, 0, 2, 3, 4]",104.1531744
170,1,shuffle,21,100,10,"[1, 0, 2, 3, 4]",104.1531744
171,1,shuffle,21,100,50,"[1, 0, 2, 3, 4]",104.1531744
172,1,shuffle,21,100,100,"[1, 0, 2, 3, 4]",104.1531744
173,1,shuffle,21,100,200,"[1, 0, 2, 3, 4]",104.1531744
174,1,shuffle,21,100,500,"[1, 0, 2, 3, 4]",104.1531744
175,1,swap,1,5,10,"[1, 0, 2, 3, 4]",104.1531744
176,1,swap,1,5,50,"[1, 0, 2, 3, 4]",104.1531744
177,1,swap,1,5,100,"[1, 0, 2, 3, 4]",104.1531744
178,1,swap,1,5,200,"[1, 0, 2, 3, 4]",104.1531744
179,1,swap,1,5,500,"[1, 0, 2, 3, 4]",104.1531744
180,1,swap,1,10,10,"[1, 0, 2, 3, 4]",104.1531744
181,1,swap,1,10,50,"[1, 0, 2, 3, 4]",104.1531744
182,1,swap,1,10,100,"[1, 0, 2, 3, 4]",104.1531744
183,1,swap,1,10,200,"[1, 0, 2, 3, 4]",104.1531744
184,1,swap,1,10,500,"[1, 0, 2, 3, 4]",104.1531744
185,1,swap,1,20,10,"[1, 0, 2, 3, 4]",104.1531744
186,1,swap,1,20,50,"[1, 0, 2, 3, 4]",104.1531744
187,1,swap,1,20,100,"[1, 0, 2, 3, 4]",104.1531744
188,1,swap,1,20,200,"[1, 0, 2, 3, 4]",104.1531744
189,1,swap,1,20,500,"[1, 0, 2, 3, 4]",104.1531744
190,1,swap,1,50,10,"[1, 0, 2, 3, 4]",104.1531744
191,1,swap,1,50,50,"[1, 0, 2, 3, 4]",104.1531744
192,1,swap,1,50,100,"[1, 0, 2, 3, 4]",104.1531744
193,1,swap,1,50,200,"[1, 0, 2, 3, 4]",104.1531744
194,1,swap,1,50,500,"[1, 0, 2, 3, 4]",104.1531744
195,1,swap,1,100,10,"[1, 0, 2, 3, 4]",104.1531744
196,1,swap,1,100,50,"[1, 0, 2, 3, 4]",104.1531744
197,1,swap,1,100,100,"[1, 0, 2, 3, 4]",104.1531744
198,1,swap,1,100,200,"[1, 0, 2, 3, 4]",104.1531744
199,1,swap,1,100,500,"[1, 0, 2, 3, 4]",104.1531744
200,1,swap,2,5,10,"[1, 0, 2, 3, 4]",104.1531744
201,1,swap,2,5,50,"[1, 0, 2, 3, 4]",104.1531744
202,1,swap,2,5,100,"[1, 0, 2, 3, 4]",104.1531744
203,1,swap,2,5,200,"[1, 0, 2, 3, 4]",104.1531744
204,1,swap,2,5,500,"[1, 0, 2, 3, 4]",104.1531744
205,1,swap,2,10,10,"[1, 0, 2, 3, 4]",104.1531744
206,1,swap,2,10,50,"[1, 0, 2, 3, 4]",104.1531744
207,1,swap,2,10,100,"[1, 0, 2, 3, 4]",104.1531744
208,1,swap,2,10,200,"[1, 0, 2, 3, 4]",104.1531744
209,1,swap,2,10,500,"[1, 0, 2, 3, 4]",104.1531744
210,1,swap,2,20,10,"[1, 0, 2, 3, 4]",104.1531744
211,1,swap,2,20,50,"[1, 0, 2, 3, 4]",104.1531744
212,1,swap,2,20,100,"[1, 0, 2, 3, 4]",104.1531744
213,1,swap,2,20,200,"[1, 0, 2, 3, 4]",104.1531744
214,1,swap,2,20,500,"[1, 0, 2, 3, 4]",104.1531744
215,1,swap,2,50,10,"[1, 0, 2, 3, 4]",104.1531744
216,1,swap,2,50,50,"[1, 0, 2, 3, 4]",104.1531744
217,1,swap,2,50,100,"[1, 0, 2, 3, 4]",104.1531744
218,1,swap,2,50,200,"[1, 0, 2, 3, 4]",104.1531744
219,1,swap,2,50,500,"[1, 0, 2, 3, 4]",104.1531744
220,1,swap,2,100,10,"[1, 0, 2, 3, 4]",104.1531744
221,1,swap,2,100,50,"[1, 0, 2, 3, 4]",104.1531744
222,1,swap,2,100,100,"[1, 0, 2, 3, 4]",104.1531744
223,1,swap,2,100,200,"[1, 0, 2, 3, 4]",104.1531744
224,1,swap,2,100,500,"[1, 0, 2, 3, 4]",104.1531744
225,1,swap,3,5,10,"[1, 0, 2, 3, 4]",104.1531744
226,1,swap,3,5,50,"[1, 0, 2, 3, 4]",104.1531744
227,1,swap,3,5,100,"[1, 0, 2, 3, 4]",104.1531744
228,1,swap,3,5,200,"[1, 0, 2, 3, 4]",104.1531744
229,1,swap,3,5,500,"[1, 0, 2, 3, 4]",104.1531744
230,1,swap,3,10,10,"[1, 0, 2, 3, 4]",104.1531744
231,1,swap,3,10,50,"[1, 0, 2, 3, 4]",104.1531744
232,1,swap,3,10,100,"[1, 0, 2, 3, 4]",104.1531744
233,1,swap,3,10,200,"[1, 0, 2, 3, 4]",104.1531744
234,1,swap,3,10,500,"[1, 0, 2, 3, 4]",104.1531744
235,1,swap,3,20,10,"[1, 0, 2, 3, 4]",104.1531744
236,1,swap,3,20,50,"[1, 0, 2, 3, 4]",104.1531744
237,1,swap,3,20,100,"[1, 0, 2, 3, 4]",104.1531744
238,1,swap,3,20,200,"[1, 0, 2, 3, 4]",104.1531744
239,1,swap,3,20,500,"[1, 0, 2, 3, 4]",104.1531744
240,1,swap,3,50,10,"[1, 0, 2, 3, 4]",104.1531744
241,1,swap,3,50,50,"[1, 0, 2, 3, 4]",104.1531744
242,1,swap,3,50,100,"[1, 0, 2, 3, 4]",104.1531744
243,1,swap,3,50,200,"[1, 0, 2, 3, 4]",104.1531744
244,1,swap,3,50,500,"[1, 0, 2, 3, 4]",104.1531744
245,1,swap,3,100,10,"[1, 0, 2, 3, 4]",104.1531744
246,1,swap,3,100,50,"[1, 0, 2, 3, 4]",104.1531744
247,1,swap,3,100,100,"[1, 0, 2, 3, 4]",104.1531744
248,1,swap,3,100,200,"[1, 0, 2, 3, 4]",104.1531744
249,1,swap,3,100,500,"[1, 0, 2, 3, 4]",104.1531744
250,1,swap,5,5,10,"[1, 0, 2, 3, 4]",104.1531744
251,1,swap,5,5,50,"[1, 0, 2, 3, 4]",104.1531744
252,1,swap,5,5,100,"[1, 0, 2, 3, 4]",104.1531744
253,1,swap,5,5,200,"[1, 0, 2, 3, 4]",104.1531744
254,1,swap,5,5,500,"[1, 0, 2, 3, 4]",104.1531744
255,1,swap,5,10,10,"[1, 0, 2, 3, 4]",104.1531744
256,1,swap,5,10,50,"[1, 0, 2, 3, 4]",104.1531744
257,1,swap,5,10,100,"[1, 0, 2, 3, 4]",104.1531744
258,1,swap,5,10,200,"[1, 0, 2, 3, 4]",104.1531744
259,1,swap,5,10,500,"[1, 0, 2, 3, 4]",104.1531744
260,1,swap,5,20,10,"[1, 0, 2, 3, 4]",104.1531744
261,1,swap,5,20,50,"[1, 0, 2, 3, 4]",104.1531744
262,1,swap,5,20,100,"[1, 0, 2, 3, 4]",104.1531744
263,1,swap,5,20,200,"[1, 0, 2, 3, 4]",104.1531744
264,1,swap,5,20,500,"[1, 0, 2, 3, 4]",104.1531744
265,1,swap,5,50,10,"[1, 0, 2, 3, 4]",104.1531744
266,1,swap,5,50,50,"[1, 0, 2, 3, 4]",104.1531744
267,1,swap,5,50,100,"[1, 0, 2, 3, 4]",104.1531744
268,1,swap,5,50,200,"[1, 0, 2, 3, 4]",104.1531744
269,1,swap,5,50,500,"[1, 0, 2, 3, 4]",104.1531744
270,1,swap,5,100,10,"[1, 0, 2, 3, 4]",104.1531744
271,1,swap,5,100,50,"[1, 0, 2, 3, 4]",104.1531744
272,1,swap,5,100,100,"[1, 0, 2, 3, 4]",104.1531744
273,1,swap,5,100,200,"[1, 0, 2, 3, 4]",104.1531744
274,1,swap,5,100,500,"[1, 0, 2, 3, 4]",104.1531744
275,1,swap,8,5,10,"[1, 0, 2, 3, 4]",104.1531744
276,1,swap,8,5,50,"[1, 0, 2, 3, 4]",104.1531744
277,1,swap,8,5,100,"[1, 0, 2, 3, 4]",104.1531744
278,1,swap,8,5,200,"[1, 0, 2, 3, 4]",104.1531744
279,1,swap,8,5,500,"[1, 0, 2, 3, 4]",104.1531744
280,1,swap,8,10,10,"[1, 0, 2, 3, 4]",104.1531744
281,1,swap,8,10,50,"[1, 0, 2, 3, 4]",104.1531744
282,1,swap,8,10,100,"[1, 0, 2, 3, 4]",104.1531744
283,1,swap,8,10,200,"[1, 0, 2, 3, 4]",104.1531744
284,1,swap,8,10,500,"[1, 0, 2, 3, 4]",104.1531744
285,1,swap,8,20,10,"[1, 0, 2, 3, 4]",104.1531744
286,1,swap,8,20,50,"[1, 0, 2, 3, 4]",104.1531744
287,1,swap,8,20,100,"[1, 0, 2, 3, 4]",104.1531744
288,1,swap,8,20,200,"[1, 0, 2, 3, 4]",104.1531744
289,1,swap,8,20,500,"[1, 0, 2, 3, 4]",104.1531744
290,1,swap,8,50,10,"[1, 0, 2, 3, 4]",104.1531744
291,1,swap,8,50,50,"[1, 0, 2, 3, 4]",104.1531744
292,1,swap,8,50,100,"[1, 0, 2, 3, 4]",104.1531744
293,1,swap,8,50,200,"[1, 0, 2, 3, 4]",104.1531744
294,1,swap,8,50,500,"[1, 0, 2, 3, 4]",104.1531744
295,1,swap,8,100,10,"[1, 0, 2, 3, 4]",104.1531744
296,1,swap,8,100,50,"[1, 0, 2, 3, 4]",104.1531744
297,1,swap,8,100,100,"[1, 0, 2, 3, 4]",104.1531744
298,1,swap,8,100,200,"[1, 0, 2, 3, 4]",104.1531744
299,1,swap,8,100,500,"[1, 0, 2, 3, 4]",104.1531744
300,1,swap,13,5,10,"[1, 0, 2, 3, 4]",104.1531744
301,1,swap,13,5,50,"[1, 0, 2, 3, 4]",104.1531744
302,1,swap,13,5,100,"[1, 0, 2, 3, 4]",104.1531744
303,1,swap,13,5,200,"[1, 0, 2, 3, 4]",104.1531744
304,1,swap,13,5,500,"[1, 0, 2, 3, 4]",104.1531744
305,1,swap,13,10,10,"[1, 0, 2, 3, 4]",104.1531744
306,1,swap,13,10,50,"[1, 0, 2, 3, 4]",104.1531744
307,1,swap,13,10,100,"[1, 0, 2, 3, 4]",104.1531744
308,1,swap,13,10,200,"[1, 0, 2, 3, 4]",104.1531744
309,1,swap,13,10,500,"[1, 0, 2, 3, 4]",104.1531744
310,1,swap,13,20,10,"[1, 0, 2, 3, 4]",104.1531744
311,1,swap,13,20,50,"[1, 0, 2, 3, 4]",104.1531744
312,1,swap,13,20,100,"[1, 0, 2, 3, 4]",104.1531744
313,1,swap,13,20,200,"[1, 0, 2, 3, 4]",104.1531744
314,1,swap,13,20,500,"[1, 0, 2, 3, 4]",104.1531744
315,1,swap,13,50,10,"[1, 0, 2, 3, 4]",104.1531744
316,1,swap,13,50,50,"[1, 0, 2, 3, 4]",104.1531744
317,1,swap,13,50,100,"[1, 0, 2, 3, 4]",104.1531744
318,1,swap,13,50,200,"[1, 0, 2, 3, 4]",104.1531744
319,1,swap,13,50,500,"[1, 0, 2, 3, 4]",104.1531744
320,1,swap,13,100,10,"[1, 0, 2, 3, 4]",104.1531744
321,1,swap,13,100,50,"[1, 0, 2, 3, 4]",104.1531744
322,1,swap,13,100,100,"[1, 0, 2, 3, 4]",104.1531744
323,1,swap,13,100,200,"[1, 0, 2, 3, 4]",104.1531744
324,1,swap,13,100,500,"[1, 0, 2, 3, 4]",104.1531744
325,1,swap,21,5,10,"[1, 0, 2, 3, 4]",104.1531744
326,1,swap,21,5,50,"[1, 0, 2, 3, 4]",104.1531744
327,1,swap,21,5,100,"[1, 0, 2, 3, 4]",104.1531744
328,1,swap,21,5,200,"[1, 0, 2, 3, 4]",104.1531744
329,1,swap,21,5,500,"[1, 0, 2, 3, 4]",104.1531744
330,1,swap,21,10,10,"[1, 0, 2, 3, 4]",104.1531744
331,1,swap,21,10,50,"[1, 0, 2, 3, 4]",104.1531744
332,1,swap,21,10,100,"[1, 0, 2, 3, 4]",104.1531744
333,1,swap,21,10,200,"[1, 0, 2, 3, 4]",104.1531744
334,1,swap,21,10,500,"[1, 0, 2, 3, 4]",104.1531744
335,1,swap,21,20,10,"[1, 0, 2, 3, 4]",104.1531744
336,1,swap,21,20,50,"[1, 0, 2, 3, 4]",104.1531744
337,1,swap,21,20,100,"[1, 0, 2, 3, 4]",104.1531744
338,1,swap,21,20,200,"[1, 0, 2, 3, 4]",104.1531744
339,1,swap,21,20,500,"[1, 0, 2, 3, 4]",104.1531744
340,1,swap,21,50,10,"[1, 0, 2, 3, 4]",104.1531744
341,1,swap,21,50,50,"[1, 0, 2, 3, 4]",104.1531744
342,1,swap,21,50,100,"[1, 0, 2, 3, 4]",104.1531744
343,1,swap,21,50,200,"[1, 0, 2, 3, 4]",104.1531744
344,1,swap,21,50,500,"[1, 0, 2, 3, 4]",104.1531744
345,1,swap,21,100,10,"[1, 0, 2, 3, 4]",104.1531744
346,1,swap,21,100,50,"[1, 0, 2, 3, 4]",104.1531744
347,1,swap,21,100,100,"[1, 0, 2, 3, 4]",104.1531744
348,1,swap,21,100,200,"[1, 0, 2, 3, 4]",104.1531744
349,1,swap,21,100,500,"[1, 0, 2, 3, 4]",104.1531744
350,1,add,1,5,10,"[1, 0, 2, 3, 4]",104.1531744
351,1,add,1,5,50,"[1, 0, 2, 3, 4]",104.1531744
352,1,add,1,5,100,"[1, 0, 2, 3, 4]",104.1531744
353,1,add,1,5,200,"[1, 0, 2, 3, 4]",104.1531744
354,1,add,1,5,500,"[1, 0, 2, 3, 4]",104.1531744
355,1,add,1,10,10,"[1, 0, 2, 4]",104.3284
356,1,add,1,10,50,"[1, 0, 2, 4]",104.3284
357,1,add,1,10,100,"[1, 0, 2, 4]",104.3284
358,1,add,1,10,200,"[1, 0, 2, 4]",104.3284
359,1,add,1,10,500,"[1, 0, 2, 4]",104.3284
360,1,add,1,20,10,"[1, 0, 2, 3, 4]",104.1531744
361,1,add,1,20,50,"[1, 0, 2, 3, 4]",104.1531744
362,1,add,1,20,100,"[1, 0, 2, 3, 4]",104.1531744
363,1,add,1,20,200,"[1, 0, 2, 3, 4]",104.1531744
364,1,add,1,20,500,"[1, 0, 2, 3, 4]",104.1531744
365,1,add,1,50,10,"[1, 0, 2, 3, 4]",104.1531744
366,1,add,1,50,50,"[1, 0, 2, 3, 4]",104.1531744
367,1,add,1,50,100,"[1, 0, 2, 3, 4]",104.1531744
368,1,add,1,50,200,"[1, 0, 2, 3, 4]",104.1531744
369,1,add,1,50,500,"[1, 0, 2, 3, 4]",104.1531744
370,1,add,1,100,10,"[1, 0, 2, 3, 4]",104.1531744
371,1,add,1,100,50,"[1, 0, 2, 3, 4]",104.1531744
372,1,add,1,100,100,"[1, 0, 2, 3, 4]",104.1531744
373,1,add,1,100,200,"[1, 0, 2, 3, 4]",104.1531744
374,1,add,1,100,500,"[1, 0, 2, 3, 4]",104.1531744
375,1,add,2,5,10,"[1, 0, 2, 3, 4]",104.1531744
376,1,add,2,5,50,"[1, 0, 2, 3, 4]",104.1531744
377,1,add,2,5,100,"[1, 0, 2, 3, 4]",104.1531744
378,1,add,2,5,200,"[1, 0, 2, 3, 4]",104.1531744
379,1,add,2,5,500,"[1, 0, 2, 3, 4]",104.1531744
380,1,add,2,10,10,"[1, 0, 2, 3, 4]",104.1531744
381,1,add,2,10,50,"[1, 0, 2, 3, 4]",104.1531744
382,1,add,2,10,100,"[1, 0, 2, 3, 4]",104.1531744
383,1,add,2,10,200,"[1, 0, 2, 3, 4]",104.1531744
384,1,add,2,10,500,"[1, 0, 2, 3, 4]",104.1531744
385,1,add,2,20,10,"[1, 0, 2, 3, 4]",104.1531744
386,1,add,2,20,50,"[1, 0, 2, 3, 4]",104.1531744
387,1,add,2,20,100,"[1, 0, 2, 3, 4]",104.1531744
388,1,add,2,20,200,"[1, 0, 2, 3, 4]",104.1531744
389,1,add,2,20,500,"[1, 0, 2, 3, 4]",104.1531744
390,1,add,2,50,10,"[1, 0, 2, 3, 4]",104.1531744
391,1,add,2,50,50,"[1, 0, 2, 3, 4]",104.1531744
392,1,add,2,50,100,"[1, 0, 2, 3, 4]",104.1531744
393,1,add,2,50,200,"[1, 0, 2, 3, 4]",104.1531744
394,1,add,2,50,500,"[1, 0, 2, 3, 4]",104.1531744
395,1,add,2,100,10,"[1, 0, 2, 3, 4]",104.1531744
396,1,add,2,100,50,"[1, 0, 2, 3, 4]",104.1531744
397,1,add,2,100,100,"[1, 0, 2, 3, 4]",104.1531744
398,1,add,2,100,200,"[1, 0, 2, 3, 4]",104.1531744
399,1,add,2,100,500,"[1, 0, 2, 3, 4]",104.1531744
400,1,add,3,5,10,"[1, 0, 2, 3, 4]",104.1531744
401,1,add,3,5,50,"[1, 0, 2, 3, 4]",104.1531744
402,1,add,3,5,100,"[1, 0, 2, 3, 4]",104.1531744
403,1,add,3,5,200,"[1, 0, 2, 3, 4]",104.1531744
404,1,add,3,5,500,"[1, 0, 2, 3, 4]",104.1531744
405,1,add,3,10,10,"[1, 0, 2, 3, 4]",104.1531744
406,1,add,3,10,50,"[1, 0, 2, 3, 4]",104.1531744
407,1,add,3,10,100,"[1, 0, 2, 3, 4]",104.1531744
408,1,add,3,10,200,"[1, 0, 2, 3, 4]",104.1531744
409,1,add,3,10,500,"[1, 0, 2, 3, 4]",104.1531744
410,1,add,3,20,10,"[1, 0, 2, 3, 4]",104.1531744
411,1,add,3,20,50,"[1, 0, 2, 3, 4]",104.1531744
412,1,add,3,20,100,"[1, 0, 2, 3, 4]",104.1531744
413,1,add,3,20,200,"[1, 0, 2, 3, 4]",104.1531744
414,1,add,3,20,500,"[1, 0, 2, 3, 4]",104.1531744
415,1,add,3,50,10,"[1, 0, 2, 3, 4]",104.1531744
416,1,add,3,50,50,"[1, 0, 2, 3, 4]",104.1531744
417,1,add,3,50,100,"[1, 0, 2, 3, 4]",104.1531744
418,1,add,3,50,200,"[1, 0, 2, 3, 4]",104.1531744
419,1,add,3,50,500,"[1, 0, 2, 3, 4]",104.1531744
420,1,add,3,100,10,"[1, 0, 2, 3, 4]",104.1531744
421,1,add,3,100,50,"[1, 0, 2, 3, 4]",104.1531744
422,1,add,3,100,100,"[1, 0, 2, 3, 4]",104.1531744
423,1,add,3,100,200,"[1, 0, 2, 3, 4]",104.1531744
424,1,add,3,100,500,"[1, 0, 2, 3, 4]",104.1531744
425,1,add,5,5,10,"[1, 0, 2, 3, 4]",104.1531744
426,1,add,5,5,50,"[1, 0, 2, 3, 4]",104.1531744
427,1,add,5,5,100,"[1, 0, 2, 3, 4]",104.1531744
428,1,add,5,5,200,"[1, 0, 2, 3, 4]",104.1531744
429,1,add,5,5,500,"[1, 0, 2, 3, 4]",104.1531744
430,1,add,5,10,10,"[1, 0, 2, 3, 4]",104.1531744
431,1,add,5,10,50,"[1, 0, 2, 3, 4]",104.1531744
432,1,add,5,10,100,"[1, 0, 2, 3, 4]",104.1531744
433,1,add,5,10,200,"[1, 0, 2, 3, 4]",104.1531744
434,1,add,5,10,500,"[1, 0, 2, 3, 4]",104.1531744
435,1,add,5,20,10,"[1, 0, 2, 3, 4]",104.1531744
436,1,add,5,20,50,"[1, 0, 2, 3, 4]",104.1531744
437,1,add,5,20,100,"[1, 0, 2, 3, 4]",104.1531744
438,1,add,5,20,200,"[1, 0, 2, 3, 4]",104.1531744
439,1,add,5,20,500,"[1, 0, 2, 3, 4]",104.1531744
440,1,add,5,50,10,"[1, 0, 2, 3, 4]",104.1531744
441,1,add,5,50,50,"[1, 0, 2, 3, 4]",104.1531744
442,1,add,5,50,100,"[1, 0, 2, 3, 4]",104.1531744
443,1,add,5,50,200,"[1, 0, 2, 3, 4]",104.1531744
444,1,add,5,50,500,"[1, 0, 2, 3, 4]",104.1531744
445,1,add,5,100,10,"[1, 0, 2, 3, 4]",104.1531744
446,1,add,5,100,50,"[1, 0, 2, 3, 4]",104.1531744
447,1,add,5,100,100,"[1, 0, 2, 3, 4]",104.1531744
448,1,add,5,100,200,"[1, 0, 2, 3, 4]",104.1531744
449,1,add,5,100,500,"[1, 0, 2, 3, 4]",104.1531744
450,1,add,8,5,10,"[1, 0, 2, 3, 4]",104.1531744
451,1,add,8,5,50,"[1, 0, 2, 3, 4]",104.1531744
452,1,add,8,5,100,"[1, 0, 2, 3, 4]",104.1531744
453,1,add,8,5,200,"[1, 0, 2, 3, 4]",104.1531744
454,1,add,8,5,500,"[1, 0, 2, 3, 4]",104.1531744
455,1,add,8,10,10,"[1, 0, 2, 3, 4]",104.1531744
456,1,add,8,10,50,"[1, 0, 2, 3, 4]",104.1531744
457,1,add,8,10,100,"[1, 0, 2, 3, 4]",104.1531744
458,1,add,8,10,200,"[1, 0, 2, 3, 4]",104.1531744
459,1,add,8,10,500,"[1, 0, 2, 3, 4]",104.1531744
460,1,add,8,20,10,"[1, 0, 2, 3, 4]",104.1531744
461,1,add,8,20,50,"[1, 0, 2, 3, 4]",104.1531744
462,1,add,8,20,100,"[1, 0, 2, 3, 4]",104.1531744
463,1,add,8,20,200,"[1, 0, 2, 3, 4]",104.1531744
464,1,add,8,20,500,"[1, 0, 2, 3, 4]",104.1531744
465,1,add,8,50,10,"[1, 0, 2, 3, 4]",104.1531744
466,1,add,8,50,50,"[1, 0, 2, 3, 4]",104.1531744
467,1,add,8,50,100,"[1, 0, 2, 3, 4]",104.1531744
468,1,add,8,50,200,"[1, 0, 2, 3, 4]",104.1531744
469,1,add,8,50,500,"[1, 0, 2, 3, 4]",104.1531744
470,1,add,8,100,10,"[1, 0, 2, 3, 4]",104.1531744
471,1,add,8,100,50,"[1, 0, 2, 3, 4]",104.1531744
472,1,add,8,100,100,"[1, 0, 2, 3, 4]",104.1531744
473,1,add,8,100,200,"[1, 0, 2, 3, 4]",104.1531744
474,1,add,8,100,500,"[1, 0, 2, 3, 4]",104.1531744
475,1,add,13,5,10,"[1, 0, 2, 3, 4]",104.1531744
476,1,add,13,5,50,"[1, 0, 2, 3, 4]",104.1531744
477,1,add,13,5,100,"[1, 0, 2, 3, 4]",104.1531744
478,1,add,13,5,200,"[1, 0, 2, 3, 4]",104.1531744
479,1,add,13,5,500,"[1, 0, 2, 3, 4]",104.1531744
480,1,add,13,10,10,"[1, 0, 2, 3, 4]",104.1531744
481,1,add,13,10,50,"[1, 0, 2, 3, 4]",104.1531744
482,1,add,13,10,100,"[1, 0, 2, 3, 4]",104.1531744
483,1,add,13,10,200,"[1, 0, 2, 3, 4]",104.1531744
484,1,add,13,10,500,"[1, 0, 2, 3, 4]",104.1531744
485,1,add,13,20,10,"[1, 0, 2, 3, 4]",104.1531744
486,1,add,13,20,50,"[1, 0, 2, 3, 4]",104.1531744
487,1,add,13,20,100,"[1, 0, 2, 3, 4]",104.1531744
488,1,add,13,20,200,"[1, 0, 2, 3, 4]",104.1531744
489,1,add,13,20,500,"[1, 0, 2, 3, 4]",104.1531744
490,1,add,13,50,10,"[1, 0, 2, 3, 4]",104.1531744
491,1,add,13,50,50,"[1, 0, 2, 3, 4]",104.1531744
492,1,add,13,50,100,"[1, 0, 2, 3, 4]",104.1531744
493,1,add,13,50,200,"[1, 0, 2, 3, 4]",104.1531744
494,1,add,13,50,500,"[1, 0, 2, 3, 4]",104.1531744
495,1,add,13,100,10,"[1, 0, 2, 3, 4]",104.1531744
496,1,add,13,100,50,"[1, 0, 2, 3, 4]",104.1531744
497,1,add,13,100,100,"[1, 0, 2, 3, 4]",104.1531744
498,1,add,13,100,200,"[1, 0, 2, 3, 4]",104.1531744
499,1,add,13,100,500,"[1, 0, 2, 3, 4]",104.1531744
500,1,add,21,5,10,"[1, 0, 2, 3, 4]",104.1531744
501,1,add,21,5,50,"[1, 0, 2, 3, 4]",104.1531744
502,1,add,21,5,100,"[1, 0, 2, 3, 4]",104.1531744
503,1,add,21,5,200,"[1, 0, 2, 3, 4]",104.1531744
504,1,add,21,5,500,"[1, 0, 2, 3, 4]",104.1531744
505,1,add,21,10,10,"[1, 0, 2, 3, 4]",104.1531744
506,1,add,21,10,50,"[1, 0, 2, 3, 4]",104.1531744
507,1,add,21,10,100,"[1, 0, 2, 3, 4]",104.1531744
508,1,add,21,10,200,"[1, 0, 2, 3, 4]",104.1531744
509,1,add,21,10,500,"[1, 0, 2, 3, 4]",104.1531744
510,1,add,21,20,10,"[1, 0, 2, 3, 4]",104.1531744
511,1,add,21,20,50,"[1, 0, 2, 3, 4]",104.1531744
512,1,add,21,20,100,"[1, 0, 2, 3, 4]",104.1531744
513,1,add,21,20,200,"[1, 0, 2, 3, 4]",104.1531744
514,1,add,21,20,500,"[1, 0, 2, 3, 4]",104.1531744
515,1,add,21,50,10,"[1, 0, 2, 3, 4]",104.1531744
516,1,add,21,50,50,"[1, 0, 2, 3, 4]",104.1531744
517,1,add,21,50,100,"[1, 0, 2, 3, 4]",104.1531744
518,1,add,21,50,200,"[1, 0, 2, 3, 4]",104.1531744
519,1,add,21,50,500,"[1, 0, 2, 3, 4]",104.1531744
520,1,add,21,100,10,"[1, 0, 2, 3, 4]",104.1531744
521,1,add,21,100,50,"[1, 0, 2, 3, 4]",104.1531744
522,1,add,21,100,100,"[1, 0, 2, 3, 4]",104.1531744
523,1,add,21,100,200,"[1, 0, 2, 3, 4]",104.1531744
524,1,add,21,100,500,"[1, 0, 2, 3, 4]",104.1531744
525,1,all,1,5,10,"[1, 0, 2, 3, 4]",104.1531744
526,1,all,1,5,50,"[1, 0, 2, 3, 4]",104.1531744
527,1,all,1,5,100,"[1, 0, 2, 3, 4]",104.1531744
528,1,all,1,5,200,"[1, 0, 2, 3, 4]",104.1531744
529,1,all,1,5,500,"[1, 0, 2, 3, 4]",104.1531744
530,1,all,1,10,10,"[1, 0, 2, 4]",104.3284
531,1,all,1,10,50,"[1, 0, 2, 4]",104.3284
532,1,all,1,10,100,"[1, 0, 2, 4]",104.3284
533,1,all,1,10,200,"[1, 0, 2, 4]",104.3284
534,1,all,1,10,500,"[1, 0, 2, 4]",104.3284
535,1,all,1,20,10,"[1, 0, 2, 3, 4]",104.1531744
536,1,all,1,20,50,"[1, 0, 2, 3, 4]",104.1531744
537,1,all,1,20,100,"[1, 0, 2, 3, 4]",104.1531744
538,1,all,1,20,200,"[1, 0, 2, 3, 4]",104.1531744
539,1,all,1,20,500,"[1, 0, 2, 3, 4]",104.1531744
540,1,all,1,50,10,"[1, 0, 2, 3, 4]",104.1531744
541,1,all,1,50,50,"[1, 0, 2, 3, 4]",104.1531744
542,1,all,1,50,100,"[1, 0, 2, 3, 4]",104.1531744
543,1,all,1,50,200,"[1, 0, 2, 3, 4]",104.1531744
544,1,all,1,50,500,"[1, 0, 2, 3, 4]",104.1531744
545,1,all,1,100,10,"[1, 0, 2, 4]",104.3284
546,1,all,1,100,50,"[1, 0, 2, 4]",104.3284
547,1,all,1,100,100,"[1, 0, 2, 4]",104.3284
548,1,all,1,100,200,"[1, 0, 2, 4]",104.3284
549,1,all,1,100,500,"[1, 0, 2, 4]",104.3284
550,1,all,2,5,10,"[1, 0, 2, 3, 4]",104.1531744
551,1,all,2,5,50,"[1, 0, 2, 3, 4]",104.1531744
552,1,all,2,5,100,"[1, 0, 2, 3, 4]",104.1531744
553,1,all,2,5,200,"[1, 0, 2, 3, 4]",104.1531744
554,1,all,2,5,500,"[1, 0, 2, 3, 4]",104.1531744
555,1,all,2,10,10,"[1, 0, 2, 4]",104.3284
556,1,all,2,10,50,"[1, 0, 2, 4]",104.3284
557,1,all,2,10,100,"[1, 0, 2, 4]",104.3284
558,1,all,2,10,200,"[1, 0, 2, 4]",104.3284
559,1,all,2,10,500,"[1, 0, 2, 4]",104.3284
560,1,all,2,20,10,"[1, 0, 2, 3, 4]",104.1531744
561,1,all,2,20,50,"[1, 0, 2, 3, 4]",104.1531744
562,1,all,2,20,100,"[1, 0, 2, 3, 4]",104.1531744
563,1,all,2,20,200,"[1, 0, 2, 3, 4]",104.1531744
564,1,all,2,20,500,"[1, 0, 2, 3, 4]",104.1531744
565,1,all,2,50,10,"[1, 0, 2, 3, 4]",104.1531744
566,1,all,2,50,50,"[1, 0, 2, 3, 4]",104.1531744
567,1,all,2,50,100,"[1, 0, 2, 3, 4]",104.1531744
568,1,all,2,50,200,"[1, 0, 2, 3, 4]",104.1531744
569,1,all,2,50,500,"[1, 0, 2, 3, 4]",104.1531744
570,1,all,2,100,10,"[1, 0, 2, 4]",104.3284
571,1,all,2,100,50,"[1, 0, 2, 4]",104.3284
572,1,all,2,100,100,"[1, 0, 2, 4]",104.3284
573,1,all,2,100,200,"[1, 0, 2, 4]",104.3284
574,1,all,2,100,500,"[1, 0, 2, 4]",104.3284
575,1,all,3,5,10,"[1, 0, 2, 3, 4]",104.1531744
576,1,all,3,5,50,"[1, 0, 2, 3, 4]",104.1531744
577,1,all,3,5,100,"[1, 0, 2, 3, 4]",104.1531744
578,1,all,3,5,200,"[1, 0, 2, 3, 4]",104.1531744
579,1,all,3,5,500,"[1, 0, 2, 3, 4]",104.1531744
580,1,all,3,10,10,"[1, 0, 2, 4]",104.3284
581,1,all,3,10,50,"[1, 0, 2, 4]",104.3284
582,1,all,3,10,100,"[1, 0, 2, 4]",104.3284
583,1,all,3,10,200,"[1, 0, 2, 4]",104.3284
584,1,all,3,10,500,"[1, 0, 2, 4]",104.3284
585,1,all,3,20,10,"[1, 0, 2, 3, 4]",104.1531744
586,1,all,3,20,50,"[1, 0, 2, 3, 4]",104.1531744
587,1,all,3,20,100,"[1, 0, 2, 3, 4]",104.1531744
588,1,all,3,20,200,"[1, 0, 2, 3, 4]",104.1531744
589,1,all,3,20,500,"[1, 0, 2, 3, 4]",104.1531744
590,1,all,3,50,10,"[1, 0, 2, 3, 4]",104.1531744
591,1,all,3,50,50,"[1, 0, 2, 3, 4]",104.1531744
592,1,all,3,50,100,"[1, 0, 2, 3, 4]",104.1531744
593,1,all,3,50,200,"[1, 0, 2, 3, 4]",104.1531744
594,1,all,3,50,500,"[1, 0, 2, 3, 4]",104.1531744
595,1,all,3,100,10,"[1, 0, 2, 3, 4]",104.1531744
596,1,all,3,100,50,"[1, 0, 2, 3, 4]",104.1531744
597,1,all,3,100,100,"[1, 0, 2, 3, 4]",104.1531744
598,1,all,3,100,200,"[1, 0, 2, 3, 4]",104.1531744
599,1,all,3,100,500,"[1, 0, 2, 3, 4]",104.1531744
600,1,all,5,5,10,"[1, 0, 2, 3, 4]",104.1531744
601,1,all,5,5,50,"[1, 0, 2, 3, 4]",104.1531744
602,1,all,5,5,100,"[1, 0, 2, 3, 4]",104.1531744
603,1,all,5,5,200,"[1, 0, 2, 3, 4]",104.1531744
604,1,all,5,5,500,"[1, 0, 2, 3, 4]",104.1531744
605,1,all,5,10,10,"[1, 0, 2, 4]",104.3284
606,1,all,5,10,50,"[1, 0, 2, 4]",104.3284
607,1,all,5,10,100,"[1, 0, 2, 4]",104.3284
608,1,all,5,10,200,"[1, 0, 2, 4]",104.3284
609,1,all,5,10,500,"[1, 0, 2, 4]",104.3284
610,1,all,5,20,10,"[1, 0, 2, 3, 4]",104.1531744
611,1,all,5,20,50,"[1, 0, 2, 3, 4]",104.1531744
612,1,all,5,20,100,"[1, 0, 2, 3, 4]",104.1531744
613,1,all,5,20,200,"[1, 0, 2, 3, 4]",104.1531744
614,1,all,5,20,500,"[1, 0, 2, 3, 4]",104.1531744
615,1,all,5,50,10,"[1, 0, 2, 3, 4]",104.1531744
616,1,all,5,50,50,"[1, 0, 2, 3, 4]",104.1531744
617,1,all,5,50,100,"[1, 0, 2, 3, 4]",104.1531744
618,1,all,5,50,200,"[1, 0, 2, 3, 4]",104.1531744
619,1,all,5,50,500,"[1, 0, 2, 3, 4]",104.1531744
620,1,all,5,100,10,"[1, 0, 2, 3, 4]",104.1531744
621,1,all,5,100,50,"[1, 0, 2, 3, 4]",104.1531744
622,1,all,5,100,100,"[1, 0, 2, 3, 4]",104.1531744
623,1,all,5,100,200,"[1, 0, 2, 3, 4]",104.1531744
624,1,all,5,100,500,"[1, 0, 2, 3, 4]",104.1531744
625,1,all,8,5,10,"[1, 0, 2, 3, 4]",104.1531744
626,1,all,8,5,50,"[1, 0, 2, 3, 4]",104.1531744
627,1,all,8,5,100,"[1, 0, 2, 3, 4]",104.1531744
628,1,all,8,5,200,"[1, 0, 2, 3, 4]",104.1531744
629,1,all,8,5,500,"[1, 0, 2, 3, 4]",104.1531744
630,1,all,8,10,10,"[1, 0, 2, 4]",104.3284
631,1,all,8,10,50,"[1, 0, 2, 4]",104.3284
632,1,all,8,10,100,"[1, 0, 2, 4]",104.3284
633,1,all,8,10,200,"[1, 0, 2, 4]",104.3284
634,1,all,8,10,500,"[1, 0, 2, 4]",104.3284
635,1,all,8,20,10,"[1, 0, 2, 3, 4]",104.1531744
636,1,all,8,20,50,"[1, 0, 2, 3, 4]",104.1531744
637,1,all,8,20,100,"[1, 0, 2, 3, 4]",104.1531744
638,1,all,8,20,200,"[1, 0, 2, 3, 4]",104.1531744
639,1,all,8,20,500,"[1, 0, 2, 3, 4]",104.1531744
640,1,all,8,50,10,"[1, 0, 2, 3, 4]",104.1531744
641,1,all,8,50,50,"[1, 0, 2, 3, 4]",104.1531744
642,1,all,8,50,100,"[1, 0, 2, 3, 4]",104.1531744
643,1,all,8,50,200,"[1, 0, 2, 3, 4]",104.1531744
644,1,all,8,50,500,"[1, 0, 2, 3, 4]",104.1531744
645,1,all,8,100,10,"[1, 0, 2, 3, 4]",104.1531744
646,1,all,8,100,50,"[1, 0, 2, 3, 4]",104.1531744
647,1,all,8,100,100,"[1, 0, 2, 3, 4]",104.1531744
648,1,all,8,100,200,"[1, 0, 2, 3, 4]",104.1531744
649,1,all,8,100,500,"[1, 0, 2, 3, 4]",104.1531744
650,1,all,13,5,10,"[1, 0, 2, 3, 4]",104.1531744
651,1,all,13,5,50,"[1, 0, 2, 3, 4]",104.1531744
652,1,all,13,5,100,"[1, 0, 2, 3, 4]",104.1531744
653,1,all,13,5,200,"[1, 0, 2, 3, 4]",104.1531744
654,1,all,13,5,500,"[1, 0, 2, 3, 4]",104.1531744
655,1,all,13,10,10,"[1, 0, 2, 4]",104.3284
656,1,all,13,10,50,"[1, 0, 2, 4]",104.3284
657,1,all,13,10,100,"[1, 0, 2, 4]",104.3284
658,1,all,13,10,200,"[1, 0, 2, 4]",104.3284
659,1,all,13,10,500,"[1, 0, 2, 4]",104.3284
660,1,all,13,20,10,"[1, 0, 2, 3, 4]",104.1531744
661,1,all,13,20,50,"[1, 0, 2, 3, 4]",104.1531744
662,1,all,13,20,100,"[1, 0, 2, 3, 4]",104.1531744
663,1,all,13,20,200,"[1, 0, 2, 3, 4]",104.1531744
664,1,all,13,20,500,"[1, 0, 2, 3, 4]",104.1531744
665,1,all,13,50,10,"[1, 0, 2, 3, 4]",104.1531744
666,1,all,13,50,50,"[1, 0, 2, 3, 4]",104.1531744
667,1,all,13,50,100,"[1, 0, 2, 3, 4]",104.1531744
668,1,all,13,50,200,"[1, 0, 2, 3, 4]",104.1531744
669,1,all,13,50,500,"[1, 0, 2, 3, 4]",104.1531744
670,1,all,13,100,10,"[1, 0, 2, 3, 4]",104.1531744
671,1,all,13,100,50,"[1, 0, 2, 3, 4]",104.1531744
672,1,all,13,100,100,"[1, 0, 2, 3, 4]",104.1531744
673,1,all,13,100,200,"[1, 0, 2, 3, 4]",104.1531744
674,1,all,13,100,500,"[1, 0, 2, 3, 4]",104.1531744
675,1,all,21,5,10,"[1, 0, 2, 3, 4]",104.1531744
676,1,all,21,5,50,"[1, 0, 2, 3, 4]",104.1531744
677,1,all,21,5,100,"[1, 0, 2, 3, 4]",104.1531744
678,1,all,21,5,200,"[1, 0, 2, 3, 4]",104.1531744
679,1,all,21,5,500,"[1, 0, 2, 3, 4]",104.1531744
680,1,all,21,10,10,"[1, 0, 2, 4]",104.3284
681,1,all,21,10,50,"[1, 0, 2, 4]",104.3284
682,1,all,21,10,100,"[1, 0, 2, 4]",104.3284
683,1,all,21,10,200,"[1, 0, 2, 4]",104.3284
684,1,all,21,10,500,"[1, 0, 2, 4]",104.3284
685,1,all,21,20,10,"[1, 0, 2, 3, 4]",104.1531744
686,1,all,21,20,50,"[1, 0, 2, 3, 4]",104.1531744
687,1,all,21,20,100,"[1, 0, 2, 3, 4]",104.1531744
688,1,all,21,20,200,"[1, 0, 2, 3, 4]",104.1531744
689,1,all,21,20,500,"[1, 0, 2, 3, 4]",104.1531744
690,1,all,21,50,10,"[1, 0, 2, 3, 4]",104.1531744
691,1,all,21,50,50,"[1, 0, 2, 3, 4]",104.1531744
692,1,all,21,50,100,"[1, 0, 2, 3, 4]",104.1531744
693,1,all,21,50,200,"[1, 0, 2, 3, 4]",104.1531744
694,1,all,21,50,500,"[1, 0, 2, 3, 4]",104.1531744
695,1,all,21,100,10,"[1, 0, 2, 3, 4]",104.1531744
696,1,all,21,100,50,"[1, 0, 2, 3, 4]",104.1531744
697,1,all,21,100,100,"[1, 0, 2, 3, 4]",104.1531744
698,1,all,21,100,200,"[1, 0, 2, 3, 4]",104.1531744
699,1,all,21,100,500,"[1, 0, 2, 3, 4]",104.1531744
700,2,shuffle,1,5,10,"[3, 0, 1, 4, 9, 2, 8, 6, 7, 5]",0.0078125
701,2,shuffle,1,5,50,"[3, 0, 1, 4, 9, 2, 8, 6, 7, 5]",0.0078125
702,2,shuffle,1,5,100,"[3, 0, 1, 4, 9, 2, 8, 6, 7, 5]",0.0078125
703,2,shuffle,1,5,200,"[3, 0, 1, 4, 9, 2, 8, 6, 7, 5]",0.0078125
704,2,shuffle,1,5,500,"[3, 0, 1, 4, 9, 2, 8, 6, 7, 5]",0.0078125
705,2,shuffle,1,10,10,"[3, 0, 1, 7, 8, 9, 4, 2, 6, 5]",0.0078125
706,2,shuffle,1,10,50,"[3, 0, 1, 7, 8, 9, 4, 2, 6, 5]",0.0078125
707,2,shuffle,1,10,100,"[3, 0, 1, 7, 8, 9, 4, 2, 6, 5]",0.0078125
708,2,shuffle,1,10,200,"[3, 0, 1, 7, 8, 9, 4, 2, 6, 5]",0.0078125
709,2,shuffle,1,10,500,"[3, 0, 1, 7, 8, 9, 4, 2, 6, 5]",0.0078125
710,2,shuffle,1,20,10,"[3, 2, 0, 6, 8, 4, 9, 7, 1, 5]",0.00390625
711,2,shuffle,1,20,50,"[3, 2, 0, 6, 8, 4, 9, 7, 1, 5]",0.00390625
712,2,shuffle,1,20,100,"[3, 2, 0, 6, 8, 4, 9, 7, 1, 5]",0.00390625
713,2,shuffle,1,20,200,"[3, 4, 9, 7, 2, 8, 6, 0, 1, 5]",0.0078125
714,2,shuffle,1,20,500,"[3, 4, 9, 7, 2, 8, 6, 0, 1, 5]",0.0078125
715,2,shuffle,1,50,10,"[3, 0, 1, 9, 6, 8, 7, 4, 2, 5]",0.0078125
716,2,shuffle,1,50,50,"[3, 0, 1, 9, 6, 8, 7, 4, 2, 5]",0.0078125
717,2,shuffle,1,50,100,"[3, 0, 1, 9, 6, 8, 7, 4, 2, 5]",0.0078125
718,2,shuffle,1,50,200,"[3, 0, 1, 9, 6, 8, 7, 4, 2, 5]",0.0078125
719,2,shuffle,1,50,500,"[3, 0, 1, 9, 6, 8, 7, 4, 2, 5]",0.0078125
720,2,shuffle,1,100,10,"[3, 0, 1, 9, 6, 8, 7, 4, 2, 5]",0.0078125
721,2,shuffle,1,100,50,"[3, 0, 1, 9, 6, 8, 7, 4, 2, 5]",0.0078125
722,2,shuffle,1,100,100,"[3, 0, 1, 9, 6, 8, 7, 4, 2, 5]",0.0078125
723,2,shuffle,1,100,200,"[3, 0, 1, 9, 6, 8, 7, 4, 2, 5]",0.0078125
724,2,shuffle,1,100,500,"[3, 0, 1, 9, 6, 8, 7, 4, 2, 5]",0.0078125
725,2,shuffle,2,5,10,"[3, 0, 1, 4, 9, 2, 8, 6, 7, 5]",0.0078125
726,2,shuffle,2,5,50,"[3, 0, 1, 4, 9, 2, 8, 6, 7, 5]",0.0078125
727,2,shuffle,2,5,100,"[3, 0, 1, 4, 9, 2, 8, 6, 7, 5]",0.0078125
728,2,shuffle,2,5,200,"[3, 0, 1, 4, 9, 2, 8, 6, 7, 5]",0.0078125
729,2,shuffle,2,5,500,"[3, 0, 1, 4, 9, 2, 8, 6, 7, 5]",0.0078125
730,2,shuffle,2,10,10,"[3, 0, 1, 7, 8, 9, 4, 2, 6, 5]",0.0078125
731,2,shuffle,2,10,50,"[3, 0, 1, 7, 8, 9, 4, 2, 6, 5]",0.0078125
732,2,shuffle,2,10,100,"[3, 0, 1, 7, 8, 9, 4, 2, 6, 5]",0.0078125
733,2,shuffle,2,10,200,"[3, 0, 1, 7, 8, 9, 4, 2, 6, 5]",0.0078125
734,2,shuffle,2,10,500,"[3, 0, 1, 7, 8, 9, 4, 2, 6, 5]",0.0078125
735,2,shuffle,2,20,10,"[3, 2, 0, 6, 8, 4, 9, 7, 1, 5]",0.00390625
736,2,shuffle,2,20,50,"[3, 2, 0, 6, 8, 4, 9, 7, 1, 5]",0.00390625
737,2,shuffle,2,20,100,"[3, 2, 0, 6, 8, 4, 9, 7, 1, 5]",0.00390625
738,2,shuffle,2,20,200,"[3, 4, 9, 7, 2, 8, 6, 0, 1, 5]",0.0078125
739,2,shuffle,2,20,500,"[3, 4, 9, 7, 2, 8, 6, 0, 1, 5]",0.0078125
740,2,shuffle,2,50,10,"[3, 0, 1, 9, 6, 8, 7, 4, 2, 5]",0.0078125
741,2,shuffle,2,50,50,"[3, 0, 1, 9, 6, 8, 7, 4, 2, 5]",0.0078125
742,2,shuffle,2,50,100,"[3, 0, 1, 9, 6, 8, 7, 4, 2, 5]",0.0078125
743,2,shuffle,2,50,200,"[3, 0, 1, 9, 6, 8, 7, 4, 2, 5]",0.0078125
744,2,shuffle,2,50,500,"[3, 0, 1, 9, 6, 8, 7, 4, 2, 5]",0.0078125
745,2,shuffle,2,100,10,"[3, 0, 1, 9, 6, 8, 7, 4, 2, 5]",0.0078125
746,2,shuffle,2,100,50,"[3, 0, 1, 9, 6, 8, 7, 4, 2, 5]",0.0078125
747,2,shuffle,2,100,100,"[3, 0, 1, 9, 6, 8, 7, 4, 2, 5]",0.0078125
748,2,shuffle,2,100,200,"[3, 0, 1, 9, 6, 8, 7, 4, 2, 5]",0.0078125
749,2,shuffle,2,100,500,"[3, 0, 1, 9, 6, 8, 7, 4, 2, 5]",0.0078125
750,2,shuffle,3,5,10,"[3, 0, 1, 4, 9, 2, 8, 6, 7, 5]",0.0078125
751,2,shuffle,3,5,50,"[3, 0, 1, 4, 9, 2, 8, 6, 7, 5]",0.0078125
752,2,shuffle,3,5,100,"[3, 0, 1, 4, 9, 2, 8, 6, 7, 5]",0.0078125
753,2,shuffle,3,5,200,"[3, 0, 1, 4, 9, 2, 8, 6, 7, 5]",0.0078125
754,2,shuffle,3,5,500,"[3, 0, 1, 4, 9, 2, 8, 6, 7, 5]",0.0078125
755,2,shuffle,3,10,10,"[3, 0, 1, 7, 8, 9, 4, 2, 6, 5]",0.0078125
756,2,shuffle,3,10,50,"[3, 0, 1, 7, 8, 9, 4, 2, 6, 5]",0.0078125
757,2,shuffle,3,10,100,"[3, 0, 1, 7, 8, 9, 4, 2, 6, 5]",0.0078125
758,2,shuffle,3,10,200,"[3, 0, 1, 7, 8, 9, 4, 2, 6, 5]",0.0078125
759,2,shuffle,3,10,500,"[3, 0, 1, 7, 8, 9, 4, 2, 6, 5]",0.0078125
760,2,shuffle,3,20,10,"[3, 2, 0, 6, 8, 4, 9, 7, 1, 5]",0.00390625
761,2,shuffle,3,20,50,"[3, 2, 0, 6, 8, 4, 9, 7, 1, 5]",0.00390625
762,2,shuffle,3,20,100,"[3, 2, 0, 6, 8, 4, 9, 7, 1, 5]",0.00390625
763,2,shuffle,3,20,200,"[3, 4, 9, 7, 2, 8, 6, 0, 1, 5]",0.0078125
764,2,shuffle,3,20,500,"[3, 4, 9, 7, 2, 8, 6, 0, 1, 5]",0.0078125
765,2,shuffle,3,50,10,"[3, 0, 1, 9, 6, 8, 7, 4, 2, 5]",0.0078125
766,2,shuffle,3,50,50,"[3, 0, 1, 9, 6, 8, 7, 4, 2, 5]",0.0078125
767,2,shuffle,3,50,100,"[3, 0, 1, 9, 6, 8, 7, 4, 2, 5]",0.0078125
768,2,shuffle,3,50,200,"[3, 0, 1, 9, 6, 8, 7, 4, 2, 5]",0.0078125
769,2,shuffle,3,50,500,"[3, 0, 1, 9, 6, 8, 7, 4, 2, 5]",0.0078125
770,2,shuffle,3,100,10,"[3, 0, 1, 9, 6, 8, 7, 4, 2, 5]",0.0078125
771,2,shuffle,3,100,50,"[3, 0, 1, 9, 6, 8, 7, 4, 2, 5]",0.0078125
772,2,shuffle,3,100,100,"[3, 0, 1, 9, 6, 8, 7, 4, 2, 5]",0.0078125
773,2,shuffle,3,100,200,"[3, 0, 1, 9, 6, 8, 7, 4, 2, 5]",0.0078125
774,2,shuffle,3,100,500,"[3, 0, 1, 9, 6, 8, 7, 4, 2, 5]",0.0078125
775,2,shuffle,5,5,10,"[3, 0, 1, 4, 9, 2, 8, 6, 7, 5]",0.0078125
776,2,shuffle,5,5,50,"[3, 0, 1, 4, 9, 2, 8, 6, 7, 5]",0.0078125
777,2,shuffle,5,5,100,"[3, 0, 1, 4, 9, 2, 8, 6, 7, 5]",0.0078125
778,2,shuffle,5,5,200,"[3, 0, 1, 4, 9, 2, 8, 6, 7, 5]",0.0078125
779,2,shuffle,5,5,500,"[3, 0, 1, 4, 9, 2, 8, 6, 7, 5]",0.0078125
780,2,shuffle,5,10,10,"[3, 0, 1, 7, 8, 9, 4, 2, 6, 5]",0.0078125
781,2,shuffle,5,10,50,"[3, 0, 1, 7, 8, 9, 4, 2, 6, 5]",0.0078125
782,2,shuffle,5,10,100,"[3, 0, 1, 7, 8, 9, 4, 2, 6, 5]",0.0078125
783,2,shuffle,5,10,200,"[3, 0, 1, 7, 8, 9, 4, 2, 6, 5]",0.0078125
784,2,shuffle,5,10,500,"[3, 0, 1, 7, 8, 9, 4, 2, 6, 5]",0.0078125
785,2,shuffle,5,20,10,"[3, 2, 0, 6, 8, 4, 9, 7, 1, 5]",0.00390625
786,2,shuffle,5,20,50,"[3, 2, 0, 6, 8, 4, 9, 7, 1, 5]",0.00390625
787,2,shuffle,5,20,100,"[3, 2, 0, 6, 8, 4, 9, 7, 1, 5]",0.00390625
788,2,shuffle,5,20,200,"[3, 4, 9, 7, 2, 8, 6, 0, 1, 5]",0.0078125
789,2,shuffle,5,20,500,"[3, 4, 9, 7, 2, 8, 6, 0, 1, 5]",0.0078125
790,2,shuffle,5,50,10,"[3, 0, 1, 9, 6, 8, 7, 4, 2, 5]",0.0078125
791,2,shuffle,5,50,50,"[3, 0, 1, 9, 6, 8, 7, 4, 2, 5]",0.0078125
792,2,shuffle,5,50,100,"[3, 0, 1, 9, 6, 8, 7, 4, 2, 5]",0.0078125
793,2,shuffle,5,50,200,"[3, 0, 1, 9, 6, 8, 7, 4, 2, 5]",0.0078125
794,2,shuffle,5,50,500,"[3, 0, 1, 9, 6, 8, 7, 4, 2, 5]",0.0078125
795,2,shuffle,5,100,10,"[3, 0, 1, 9, 6, 8, 7, 4, 2, 5]",0.0078125
796,2,shuffle,5,100,50,"[3, 0, 1, 9, 6, 8, 7, 4, 2, 5]",0.0078125
797,2,shuffle,5,100,100,"[3, 0, 1, 9, 6, 8, 7, 4, 2, 5]",0.0078125
798,2,shuffle,5,100,200,"[3, 0, 1, 9, 6, 8, 7, 4, 2, 5]",0.0078125
799,2,shuffle,5,100,500,"[3, 0, 1, 9, 6, 8, 7, 4, 2, 5]",0.0078125
800,2,shuffle,8,5,10,"[3, 0, 1, 4, 9, 2, 8, 6, 7, 5]",0.0078125
801,2,shuffle,8,5,50,"[3, 0, 1, 4, 9, 2, 8, 6, 7, 5]",0.0078125
802,2,shuffle,8,5,100,"[3, 0, 1, 4, 9, 2, 8, 6, 7, 5]",0.0078125
803,2,shuffle,8,5,200,"[3, 0, 1, 4, 9, 2, 8, 6, 7, 5]",0.0078125
804,2,shuffle,8,5,500,"[3, 0, 1, 4, 9, 2, 8, 6, 7, 5]",0.0078125
805,2,shuffle,8,10,10,"[3, 0, 1, 7, 8, 9, 4, 2, 6, 5]",0.0078125
806,2,shuffle,8,10,50,"[3, 0, 1, 7, 8, 9, 4, 2, 6, 5]",0.0078125
807,2,shuffle,8,10,100,"[3, 0, 1, 7, 8, 9, 4, 2, 6, 5]",0.0078125
808,2,shuffle,8,10,200,"[3, 0, 1, 7, 8, 9, 4, 2, 6, 5]",0.0078125
809,2,shuffle,8,10,500,"[3, 0, 1, 7, 8, 9, 4, 2, 6, 5]",0.0078125
810,2,shuffle,8,20,10,"[3, 2, 0, 6, 8, 4, 9, 7, 1, 5]",0.00390625
811,2,shuffle,8,20,50,"[3, 2, 0, 6, 8, 4, 9, 7, 1, 5]",0.00390625
812,2,shuffle,8,20,100,"[3, 2, 0, 6, 8, 4, 9, 7, 1, 5]",0.00390625
813,2,shuffle,8,20,200,"[3, 4, 9, 7, 2, 8, 6, 0, 1, 5]",0.0078125
814,2,shuffle,8,20,500,"[3, 4, 9, 7, 2, 8, 6, 0, 1, 5]",0.0078125
815,2,shuffle,8,50,10,"[3, 0, 1, 9, 6, 8, 7, 4, 2, 5]",0.0078125
816,2,shuffle,8,50,50,"[3, 0, 1, 9, 6, 8, 7, 4, 2, 5]",0.0078125
817,2,shuffle,8,50,100,"[3, 0, 1, 9, 6, 8, 7, 4, 2, 5]",0.0078125
818,2,shuffle,8,50,200,"[3, 0, 1, 9, 6, 8, 7, 4, 2, 5]",0.0078125
819,2,shuffle,8,50,500,"[3, 0, 1, 9, 6, 8, 7, 4, 2, 5]",0.0078125
820,2,shuffle,8,100,10,"[3, 0, 1, 9, 6, 8, 7, 4, 2, 5]",0.0078125
821,2,shuffle,8,100,50,"[3, 0, 1, 9, 6, 8, 7, 4, 2, 5]",0.0078125
822,2,shuffle,8,100,100,"[3, 0, 1, 9, 6, 8, 7, 4, 2, 5]",0.0078125
823,2,shuffle,8,100,200,"[3, 0, 1, 9, 6, 8, 7, 4, 2, 5]",0.0078125
824,2,shuffle,8,100,500,"[3, 0, 1, 9, 6, 8, 7, 4, 2, 5]",0.0078125
825,2,shuffle,13,5,10,"[3, 0, 1, 4, 9, 2, 8, 6, 7, 5]",0.0078125
826,2,shuffle,13,5,50,"[3, 0, 1, 4, 9, 2, 8, 6, 7, 5]",0.0078125
827,2,shuffle,13,5,100,"[3, 0, 1, 4, 9, 2, 8, 6, 7, 5]",0.0078125
828,2,shuffle,13,5,200,"[3, 0, 1, 4, 9, 2, 8, 6, 7, 5]",0.0078125
829,2,shuffle,13,5,500,"[3, 0, 1, 4, 9, 2, 8, 6, 7, 5]",0.0078125
830,2,shuffle,13,10,10,"[3, 0, 1, 7, 8, 9, 4, 2, 6, 5]",0.0078125
831,2,shuffle,13,10,50,"[3, 0, 1, 7, 8, 9, 4, 2, 6, 5]",0.0078125
832,2,shuffle,13,10,100,"[3, 0, 1, 7, 8, 9, 4, 2, 6, 5]",0.0078125
833,2,shuffle,13,10,200,"[3, 0, 1, 7, 8, 9, 4, 2, 6, 5]",0.0078125
834,2,shuffle,13,10,500,"[3, 0, 1, 7, 8, 9, 4, 2, 6, 5]",0.0078125
835,2,shuffle,13,20,10,"[3, 2, 0, 6, 8, 4, 9, 7, 1, 5]",0.00390625
836,2,shuffle,13,20,50,"[3, 2, 0, 6, 8, 4, 9, 7, 1, 5]",0.00390625
837,2,shuffle,13,20,100,"[3, 2, 0, 6, 8, 4, 9, 7, 1, 5]",0.00390625
838,2,shuffle,13,20,200,"[3, 4, 9, 7, 2, 8, 6, 0, 1, 5]",0.0078125
839,2,shuffle,13,20,500,"[3, 4, 9, 7, 2, 8, 6, 0, 1, 5]",0.0078125
840,2,shuffle,13,50,10,"[3, 0, 1, 9, 6, 8, 7, 4, 2, 5]",0.0078125
841,2,shuffle,13,50,50,"[3, 0, 1, 9, 6, 8, 7, 4, 2, 5]",0.0078125
842,2,shuffle,13,50,100,"[3, 0, 1, 9, 6, 8, 7, 4, 2, 5]",0.0078125
843,2,shuffle,13,50,200,"[3, 0, 1, 9, 6, 8, 7, 4, 2, 5]",0.0078125
844,2,shuffle,13,50,500,"[3, 0, 1, 9, 6, 8, 7, 4, 2, 5]",0.0078125
845,2,shuffle,13,100,10,"[3, 0, 1, 9, 6, 8, 7, 4, 2, 5]",0.0078125
846,2,shuffle,13,100,50,"[3, 0, 1, 9, 6, 8, 7, 4, 2, 5]",0.0078125
847,2,shuffle,13,100,100,"[3, 0, 1, 9, 6, 8, 7, 4, 2, 5]",0.0078125
848,2,shuffle,13,100,200,"[3, 0, 1, 9, 6, 8, 7, 4, 2, 5]",0.0078125
849,2,shuffle,13,100,500,"[3, 0, 1, 9, 6, 8, 7, 4, 2, 5]",0.0078125
850,2,shuffle,21,5,10,"[3, 0, 1, 4, 9, 2, 8, 6, 7, 5]",0.0078125
851,2,shuffle,21,5,50,"[3, 0, 1, 4, 9, 2, 8, 6, 7, 5]",0.0078125
852,2,shuffle,21,5,100,"[3, 0, 1, 4, 9, 2, 8, 6, 7, 5]",0.0078125
853,2,shuffle,21,5,200,"[3, 0, 1, 4, 9, 2, 8, 6, 7, 5]",0.0078125
854,2,shuffle,21,5,500,"[3, 0, 1, 4, 9, 2, 8, 6, 7, 5]",0.0078125
855,2,shuffle,21,10,10,"[3, 0, 1, 7, 8, 9, 4, 2, 6, 5]",0.0078125
856,2,shuffle,21,10,50,"[3, 0, 1, 7, 8, 9, 4, 2, 6, 5]",0.0078125
857,2,shuffle,21,10,100,"[3, 0, 1, 7, 8, 9, 4, 2, 6, 5]",0.0078125
858,2,shuffle,21,10,200,"[3, 0, 1, 7, 8, 9, 4, 2, 6, 5]",0.0078125
859,2,shuffle,21,10,500,"[3, 0, 1, 7, 8, 9, 4, 2, 6, 5]",0.0078125
860,2,shuffle,21,20,10,"[3, 2, 0, 6, 8, 4, 9, 7, 1, 5]",0.00390625
861,2,shuffle,21,20,50,"[3, 2, 0, 6, 8, 4, 9, 7, 1, 5]",0.00390625
862,2,shuffle,21,20,100,"[3, 2, 0, 6, 8, 4, 9, 7, 1, 5]",0.00390625
863,2,shuffle,21,20,200,"[3, 4, 9, 7, 2, 8, 6, 0, 1, 5]",0.0078125
864,2,shuffle,21,20,500,"[3, 4, 9, 7, 2, 8, 6, 0, 1, 5]",0.0078125
865,2,shuffle,21,50,10,"[3, 0, 1, 9, 6, 8, 7, 4, 2, 5]",0.0078125
866,2,shuffle,21,50,50,"[3, 0, 1, 9, 6, 8, 7, 4, 2, 5]",0.0078125
867,2,shuffle,21,50,100,"[3, 0, 1, 9, 6, 8, 7, 4, 2, 5]",0.0078125
868,2,shuffle,21,50,200,"[3, 0, 1, 9, 6, 8, 7, 4, 2, 5]",0.0078125
869,2,shuffle,21,50,500,"[3, 0, 1, 9, 6, 8, 7, 4, 2, 5]",0.0078125
870,2,shuffle,21,100,10,"[3, 0, 1, 9, 6, 8, 7, 4, 2, 5]",0.0078125
871,2,shuffle,21,100,50,"[3, 0, 1, 9, 6, 8, 7, 4, 2, 5]",0.0078125
872,2,shuffle,21,100,100,"[3, 0, 1, 9, 6, 8, 7, 4, 2, 5]",0.0078125
873,2,shuffle,21,100,200,"[3, 0, 1, 9, 6, 8, 7, 4, 2, 5]",0.0078125
874,2,shuffle,21,100,500,"[3, 0, 1, 9, 6, 8, 7, 4, 2, 5]",0.0078125
875,2,swap,1,5,10,"[3, 2, 0, 6, 8, 4, 9, 7, 1, 5]",0.00390625
876,2,swap,1,5,50,"[3, 2, 9, 6, 4, 7, 8, 0, 1, 5]",0.0078125
877,2,swap,1,5,100,"[3, 2, 9, 6, 4, 7, 8, 0, 1, 5]",0.0078125
878,2,swap,1,5,200,"[3, 2, 9, 6, 4, 7, 8, 0, 1, 5]",0.0078125
879,2,swap,1,5,500,"[3, 2, 9, 6, 4, 7, 8, 0, 1, 5]",0.0078125
880,2,swap,1,10,10,"[3, 2, 0, 6, 8, 4, 9, 7, 1, 5]",0.00390625
881,2,swap,1,10,50,"[3, 2, 0, 6, 8, 4, 9, 7, 1, 5]",0.00390625
882,2,swap,1,10,100,"[3, 2, 0, 6, 8, 4, 9, 7, 1, 5]",0.00390625
883,2,swap,1,10,200,"[3, 2, 9, 6, 4, 7, 8, 0, 1, 5]",0.0078125
884,2,swap,1,10,500,"[3, 2, 9, 6, 4, 7, 8, 0, 1, 5]",0.0078125
885,2,swap,1,20,10,"[3, 2, 0, 6, 8, 4, 9, 7, 1, 5]",0.00390625
886,2,swap,1,20,50,"[3, 0, 4, 2, 6, 8, 9, 7, 1, 5]",0.0078125
887,2,swap,1,20,100,"[3, 0, 4, 2, 6, 8, 9, 7, 1, 5]",0.0078125
888,2,swap,1,20,200,"[3, 0, 4, 2, 6, 8, 9, 7, 1, 5]",0.0078125
889,2,swap,1,20,500,"[3, 0, 4, 2, 6, 8, 9, 7, 1, 5]",0.0078125
890,2,swap,1,50,10,"[3, 0, 1, 9, 6, 8, 7, 4, 2, 5]",0.0078125
891,2,swap,1,50,50,"[3, 0, 1, 9, 6, 8, 7, 4, 2, 5]",0.0078125
892,2,swap,1,50,100,"[3, 0, 1, 9, 6, 8, 7, 4, 2, 5]",0.0078125
893,2,swap,1,50,200,"[3, 0, 1, 9, 6, 8, 7, 4, 2, 5]",0.0078125
894,2,swap,1,50,500,"[3, 0, 1, 9, 6, 8, 7, 4, 2, 5]",0.0078125
895,2,swap,1,100,10,"[3, 0, 1, 9, 6, 8, 7, 4, 2, 5]",0.0078125
896,2,swap,1,100,50,"[3, 0, 1, 9, 6, 8, 7, 4, 2, 5]",0.0078125
897,2,swap,1,100,100,"[3, 0, 1, 9, 6, 8, 7, 4, 2, 5]",0.0078125
898,2,swap,1,100,200,"[3, 0, 1, 9, 6, 8, 7, 4, 2, 5]",0.0078125
899,2,swap,1,100,500,"[3, 0, 1, 9, 6, 8, 7, 4, 2, 5]",0.0078125
900,2,swap,2,5,10,"[3, 2, 0, 6, 8, 4, 9, 7, 1, 5]",0.00390625
901,2,swap,2,5,50,"[3, 2, 9, 6, 4, 7, 8, 0, 1, 5]",0.0078125
902,2,swap,2,5,100,"[3, 2, 9, 6, 4, 7, 8, 0, 1, 5]",0.0078125
903,2,swap,2,5,200,"[3, 2, 9, 6, 4, 7, 8, 0, 1, 5]",0.0078125
904,2,swap,2,5,500,"[3, 2, 9, 6, 4, 7, 8, 0, 1, 5]",0.0078125
905,2,swap,2,10,10,"[3, 2, 0, 6, 8, 4, 9, 7, 1, 5]",0.00390625
906,2,swap,2,10,50,"[3, 2, 0, 6, 8, 4, 9, 7, 1, 5]",0.00390625
907,2,swap,2,10,100,"[3, 2, 0, 6, 8, 4, 9, 7, 1, 5]",0.00390625
908,2,swap,2,10,200,"[3, 2, 9, 6, 4, 7, 8, 0, 1, 5]",0.0078125
909,2,swap,2,10,500,"[3, 2, 9, 6, 4, 7, 8, 0, 1, 5]",0.0078125
910,2,swap,2,20,10,"[3, 2, 0, 6, 8, 4, 9, 7, 1, 5]",0.00390625
911,2,swap,2,20,50,"[3, 0, 4, 2, 6, 8, 9, 7, 1, 5]",0.0078125
912,2,swap,2,20,100,"[3, 0, 4, 2, 6, 8, 9, 7, 1, 5]",0.0078125
913,2,swap,2,20,200,"[3, 0, 4, 2, 6, 8, 9, 7, 1, 5]",0.0078125
914,2,swap,2,20,500,"[3, 0, 4, 2, 6, 8, 9, 7, 1, 5]",0.0078125
915,2,swap,2,50,10,"[3, 0, 1, 9, 6, 8, 7, 4, 2, 5]",0.0078125
916,2,swap,2,50,50,"[3, 0, 1, 9, 6, 8, 7, 4, 2, 5]",0.0078125
917,2,swap,2,50,100,"[3, 0, 1, 9, 6, 8, 7, 4, 2, 5]",0.0078125
918,2,swap,2,50,200,"[3, 0, 1, 9, 6, 8, 7, 4, 2, 5]",0.0078125
919,2,swap,2,50,500,"[3, 0, 1, 9, 6, 8, 7, 4, 2, 5]",0.0078125
920,2,swap,2,100,10,"[3, 0, 1, 9, 6, 8, 7, 4, 2, 5]",0.0078125
921,2,swap,2,100,50,"[3, 0, 1, 9, 6, 8, 7, 4, 2, 5]",0.0078125
922,2,swap,2,100,100,"[3, 0, 1, 9, 6, 8, 7, 4, 2, 5]",0.0078125
923,2,swap,2,100,200,"[3, 0, 1, 9, 6, 8, 7, 4, 2, 5]",0.0078125
924,2,swap,2,100,500,"[3, 0, 1, 9, 6, 8, 7, 4, 2, 5]",0.0078125
925,2,swap,3,5,10,"[3, 2, 0, 6, 8, 4, 9, 7, 1, 5]",0.00390625
926,2,swap,3,5,50,"[3, 2, 9, 6, 4, 7, 8, 0, 1, 5]",0.0078125
927,2,swap,3,5,100,"[3, 2, 9, 6, 4, 7, 8, 0, 1, 5]",0.0078125
928,2,swap,3,5,200,"[3, 2, 9, 6, 4, 7, 8, 0, 1, 5]",0.0078125
929,2,swap,3,5,500,"[3, 2, 9, 6, 4, 7, 8, 0, 1, 5]",0.0078125
930,2,swap,3,10,10,"[3, 2, 0, 6, 8, 4, 9, 7, 1, 5]",0.00390625
931,2,swap,3,10,50,"[3, 2, 0, 6, 8, 4, 9, 7, 1, 5]",0.00390625
932,2,swap,3,10,100,"[3, 2, 0, 6, 8, 4, 9, 7, 1, 5]",0.00390625
933,2,swap,3,10,200,"[3, 2, 9, 6, 4, 7, 8, 0, 1, 5]",0.0078125
934,2,swap,3,10,500,"[3, 2, 9, 6, 4, 7, 8, 0, 1, 5]",0.0078125
935,2,swap,3,20,10,"[3, 2, 0, 6, 8, 4, 9, 7, 1, 5]",0.00390625
936,2,swap,3,20,50,"[3, 0, 4, 2, 6, 8, 9, 7, 1, 5]",0.0078125
937,2,swap,3,20,100,"[3, 0, 4, 2, 6, 8, 9, 7, 1, 5]",0.0078125
938,2,swap,3,20,200,"[3, 0, 4, 2, 6, 8, 9, 7, 1, 5]",0.0078125
939,2,swap,3,20,500,"[3, 0, 4, 2, 6, 8, 9, 7, 1, 5]",0.0078125
940,2,swap,3,50,10,"[3, 0, 1, 9, 6, 8, 7, 4, 2, 5]",0.0078125
941,2,swap,3,50,50,"[3, 0, 1, 9, 6, 8, 7, 4, 2, 5]",0.0078125
942,2,swap,3,50,100,"[3, 0, 1, 9, 6, 8, 7, 4, 2, 5]",0.0078125
943,2,swap,3,50,200,"[3, 0, 1, 9, 6, 8, 7, 4, 2, 5]",0.0078125
944,2,swap,3,50,500,"[3, 0, 1, 9, 6, 8, 7, 4, 2, 5]",0.0078125
945,2,swap,3,100,10,"[3, 0, 1, 9, 6, 8, 7, 4, 2, 5]",0.0078125
946,2,swap,3,100,50,"[3, 0, 1, 9, 6, 8, 7, 4, 2, 5]",0.0078125
947,2,swap,3,100,100,"[3, 0, 1, 9, 6, 8, 7, 4, 2, 5]",0.0078125
948,2,swap,3,100,200,"[3, 0, 1, 9, 6, 8, 7, 4, 2, 5]",0.0078125
949,2,swap,3,100,500,"[3, 0, 1, 9, 6, 8, 7, 4, 2, 5]",0.0078125
950,2,swap,5,5,10,"[3, 2, 0, 6, 8, 4, 9, 7, 1, 5]",0.00390625
951,2,swap,5,5,50,"[3, 2, 9, 6, 4, 7, 8, 0, 1, 5]",0.0078125
952,2,swap,5,5,100,"[3, 2, 9, 6, 4, 7, 8, 0, 1, 5]",0.0078125
953,2,swap,5,5,200,"[3, 2, 9, 6, 4, 7, 8, 0, 1, 5]",0.0078125
954,2,swap,5,5,500,"[3, 2, 9, 6, 4, 7, 8, 0, 1, 5]",0.0078125
955,2,swap,5,10,10,"[3, 2, 0, 6, 8, 4, 9, 7, 1, 5]",0.00390625
956,2,swap,5,10,50,"[3, 2, 0, 6, 8, 4, 9, 7, 1, 5]",0.00390625
957,2,swap,5,10,100,"[3, 2, 0, 6, 8, 4, 9, 7, 1, 5]",0.00390625
958,2,swap,5,10,200,"[3, 2, 9, 6, 4, 7, 8, 0, 1, 5]",0.0078125
959,2,swap,5,10,500,"[3, 2, 9, 6, 4, 7, 8, 0, 1, 5]",0.0078125
960,2,swap,5,20,10,"[3, 2, 0, 6, 8, 4, 9, 7, 1, 5]",0.00390625
961,2,swap,5,20,50,"[3, 0, 4, 2, 6, 8, 9, 7, 1, 5]",0.0078125
962,2,swap,5,20,100,"[3, 0, 4, 2, 6, 8, 9, 7, 1, 5]",0.0078125
963,2,swap,5,20,200,"[3, 0, 4, 2, 6, 8, 9, 7, 1, 5]",0.0078125
964,2,swap,5,20,500,"[3, 0, 4, 2, 6, 8, 9, 7, 1, 5]",0.0078125
965,2,swap,5,50,10,"[3, 0, 1, 9, 6, 8, 7, 4, 2, 5]",0.0078125
966,2,swap,5,50,50,"[3, 0, 1, 9, 6, 8, 7, 4, 2, 5]",0.0078125
967,2,swap,5,50,100,"[3, 0, 1, 9, 6, 8, 7, 4, 2, 5]",0.0078125
968,2,swap,5,50,200,"[3, 0, 1, 9, 6, 8, 7, 4, 2, 5]",0.0078125
969,2,swap,5,50,500,"[3, 0, 1, 9, 6, 8, 7, 4, 2, 5]",0.0078125
970,2,swap,5,100,10,"[3, 0, 1, 9, 6, 8, 7, 4, 2, 5]",0.0078125
971,2,swap,5,100,50,"[3, 0, 1, 9, 6, 8, 7, 4, 2, 5]",0.0078125
972,2,swap,5,100,100,"[3, 0, 1, 9, 6, 8, 7, 4, 2, 5]",0.0078125
973,2,swap,5,100,200,"[3, 0, 1, 9, 6, 8, 7, 4, 2, 5]",0.0078125
974,2,swap,5,100,500,"[3, 0, 1, 9, 6, 8, 7, 4, 2, 5]",0.0078125
975,2,swap,8,5,10,"[3, 2, 0, 6, 8, 4, 9, 7, 1, 5]",0.00390625
976,2,swap,8,5,50,"[3, 2, 9, 6, 4, 7, 8, 0, 1, 5]",0.0078125
977,2,swap,8,5,100,"[3, 2, 9, 6, 4, 7, 8, 0, 1, 5]",0.0078125
978,2,swap,8,5,200,"[3, 2, 9, 6, 4, 7, 8, 0, 1, 5]",0.0078125
979,2,swap,8,5,500,"[3, 2, 9, 6, 4, 7, 8, 0, 1, 5]",0.0078125
980,2,swap,8,10,10,"[3, 2, 0, 6, 8, 4, 9, 7, 1, 5]",0.00390625
981,2,swap,8,10,50,"[3, 2, 0, 6, 8, 4, 9, 7, 1, 5]",0.00390625
982,2,swap,8,10,100,"[3, 2, 0, 6, 8, 4, 9, 7, 1, 5]",0.00390625
983,2,swap,8,10,200,"[3, 2, 9, 6, 4, 7, 8, 0, 1, 5]",0.0078125
984,2,swap,8,10,500,"[3, 2, 9, 6, 4, 7, 8, 0, 1, 5]",0.0078125
985,2,swap,8,20,10,"[3, 2, 0, 6, 8, 4, 9, 7, 1, 5]",0.00390625
986,2,swap,8,20,50,"[3, 0, 4, 2, 6, 8, 9, 7, 1, 5]",0.0078125
987,2,swap,8,20,100,"[3, 0, 4, 2, 6, 8, 9, 7, 1, 5]",0.0078125
988,2,swap,8,20,200,"[3, 0, 4, 2, 6, 8, 9, 7, 1, 5]",0.0078125
989,2,swap,8,20,500,"[3, 0, 4, 2, 6, 8, 9, 7, 1, 5]",0.0078125
990,2,swap,8,50,10,"[3, 0, 1, 9, 6, 8, 7, 4, 2, 5]",0.0078125
991,2,swap,8,50,50,"[3, 0, 1, 9, 6, 8, 7, 4, 2, 5]",0.0078125
992,2,swap,8,50,100,"[3, 0, 1, 9, 6, 8, 7, 4, 2, 5]",0.0078125
993,2,swap,8,50,200,"[3, 0, 1, 9, 6, 8, 7, 4, 2, 5]",0.0078125
994,2,swap,8,50,500,"[3, 0, 1, 9, 6, 8, 7, 4, 2, 5]",0.0078125
995,2,swap,8,100,10,"[3, 0, 1, 9, 6, 8, 7, 4, 2, 5]",0.0078125
996,2,swap,8,100,50,"[3, 0, 1, 9, 6, 8, 7, 4, 2, 5]",0.0078125
997,2,swap,8,100,100,"[3, 0, 1, 9, 6, 8, 7, 4, 2, 5]",0.0078125
998,2,swap,8,100,200,"[3, 0, 1, 9, 6, 8, 7, 4, 2, 5]",0.0078125
999,2,swap,8,100,500,"[3, 0, 1, 9, 6, 8, 7, 4, 2, 5]",0.0078125
1000,2,swap,13,5,10,"[3, 2, 0, 6, 8, 4, 9, 7, 1, 5]",0.00390625
1001,2,swap,13,5,50,"[3, 2, 9, 6, 4, 7, 8, 0, 1, 5]",0.0078125
1002,2,swap,13,5,100,"[3, 2, 9, 6, 4, 7, 8, 0, 1, 5]",0.0078125
1003,2,swap,13,5,200,"[3, 2, 9, 6, 4, 7, 8, 0, 1, 5]",0.0078125
1004,2,swap,13,5,500,"[3, 2, 9, 6, 4, 7, 8, 0, 1, 5]",0.0078125
1005,2,swap,13,10,10,"[3, 2, 0, 6, 8, 4, 9, 7, 1, 5]",0.00390625
1006,2,swap,13,10,50,"[3, 2, 0, 6, 8, 4, 9, 7, 1, 5]",0.00390625
1007,2,swap,13,10,100,"[3, 2, 0, 6, 8, 4, 9, 7, 1, 5]",0.00390625
1008,2,swap,13,10,200,"[3, 2, 9, 6, 4, 7, 8, 0, 1, 5]",0.0078125
1009,2,swap,13,10,500,"[3, 2, 9, 6, 4, 7, 8, 0, 1, 5]",0.0078125
1010,2,swap,13,20,10,"[3, 2, 0, 6, 8, 4, 9, 7, 1, 5]",0.00390625
1011,2,swap,13,20,50,"[3, 0, 4, 2, 6, 8, 9, 7, 1, 5]",0.0078125
1012,2,swap,13,20,100,"[3, 0, 4, 2, 6, 8, 9, 7, 1, 5]",0.0078125
1013,2,swap,13,20,200,"[3, 0, 4, 2, 6, 8, 9, 7, 1, 5]",0.0078125
1014,2,swap,13,20,500,"[3, 0, 4, 2, 6, 8, 9, 7, 1, 5]",0.0078125
1015,2,swap,13,50,10,"[3, 0, 1, 9, 6, 8, 7, 4, 2, 5]",0.0078125
1016,2,swap,13,50,50,"[3, 0, 1, 9, 6, 8, 7, 4, 2, 5]",0.0078125
1017,2,swap,13,50,100,"[3, 0, 1, 9, 6, 8, 7, 4, 2, 5]",0.0078125
1018,2,swap,13,50,200,"[3, 0, 1, 9, 6, 8, 7, 4, 2, 5]",0.0078125
1019,2,swap,13,50,500,"[3, 0, 1, 9, 6, 8, 7, 4, 2, 5]",0.0078125
1020,2,swap,13,100,10,"[3, 0, 1, 9, 6, 8, 7, 4, 2, 5]",0.0078125
1021,2,swap,13,100,50,"[3, 0, 1, 9, 6, 8, 7, 4, 2, 5]",0.0078125
1022,2,swap,13,100,100,"[3, 0, 1, 9, 6, 8, 7, 4, 2, 5]",0.0078125
1023,2,swap,13,100,200,"[3, 0, 1, 9, 6, 8, 7, 4, 2, 5]",0.0078125
1024,2,swap,13,100,500,"[3, 0, 1, 9, 6, 8, 7, 4, 2, 5]",0.0078125
1025,2,swap,21,5,10,"[3, 2, 0, 6, 8, 4, 9, 7, 1, 5]",0.00390625
1026,2,swap,21,5,50,"[3, 2, 9, 6, 4, 7, 8, 0, 1, 5]",0.0078125
1027,2,swap,21,5,100,"[3, 2, 9, 6, 4, 7, 8, 0, 1, 5]",0.0078125
1028,2,swap,21,5,200,"[3, 2, 9, 6, 4, 7, 8, 0, 1, 5]",0.0078125
1029,2,swap,21,5,500,"[3, 2, 9, 6, 4, 7, 8, 0, 1, 5]",0.0078125
1030,2,swap,21,10,10,"[3, 2, 0, 6, 8, 4, 9, 7, 1, 5]",0.00390625
1031,2,swap,21,10,50,"[3, 2, 0, 6, 8, 4, 9, 7, 1, 5]",0.00390625
1032,2,swap,21,10,100,"[3, 2, 0, 6, 8, 4, 9, 7, 1, 5]",0.00390625
1033,2,swap,21,10,200,"[3, 2, 9, 6, 4, 7, 8, 0, 1, 5]",0.0078125
1034,2,swap,21,10,500,"[3, 2, 9, 6, 4, 7, 8, 0, 1, 5]",0.0078125
1035,2,swap,21,20,10,"[3, 2, 0, 6, 8, 4, 9, 7, 1, 5]",0.00390625
1036,2,swap,21,20,50,"[3, 0, 4, 2, 6, 8, 9, 7, 1, 5]",0.0078125
1037,2,swap,21,20,100,"[3, 0, 4, 2, 6, 8, 9, 7, 1, 5]",0.0078125
1038,2,swap,21,20,200,"[3, 0, 4, 2, 6, 8, 9, 7, 1, 5]",0.0078125
1039,2,swap,21,20,500,"[3, 0, 4, 2, 6, 8, 9, 7, 1, 5]",0.0078125
1040,2,swap,21,50,10,"[3, 0, 1, 9, 6, 8, 7, 4, 2, 5]",0.0078125
1041,2,swap,21,50,50,"[3, 0, 1, 9, 6, 8, 7, 4, 2, 5]",0.0078125
1042,2,swap,21,50,100,"[3, 0, 1, 9, 6, 8, 7, 4, 2, 5]",0.0078125
1043,2,swap,21,50,200,"[3, 0, 1, 9, 6, 8, 7, 4, 2, 5]",0.0078125
1044,2,swap,21,50,500,"[3, 0, 1, 9, 6, 8, 7, 4, 2, 5]",0.0078125
1045,2,swap,21,100,10,"[3, 0, 1, 9, 6, 8, 7, 4, 2, 5]",0.0078125
1046,2,swap,21,100,50,"[3, 0, 1, 9, 6, 8, 7, 4, 2, 5]",0.0078125
1047,2,swap,21,100,100,"[3, 0, 1, 9, 6, 8, 7, 4, 2, 5]",0.0078125
1048,2,swap,21,100,200,"[3, 0, 1, 9, 6, 8, 7, 4, 2, 5]",0.0078125
1049,2,swap,21,100,500,"[3, 0, 1, 9, 6, 8, 7, 4, 2, 5]",0.0078125
1050,2,add,1,5,10,"[3, 1, 5]",0.5
1051,2,add,1,5,50,"[3, 1, 5]",0.5
1052,2,add,1,5,100,"[3, 5]",2.0
1053,2,add,1,5,200,"[3, 5]",2.0
1054,2,add,1,5,500,"[3, 5]",2.0
1055,2,add,1,10,10,"[3, 7, 1, 5]",0.25
1056,2,add,1,10,50,"[3, 5]",2.0
1057,2,add,1,10,100,"[3, 5]",2.0
1058,2,add,1,10,200,"[3, 5]",2.0
1059,2,add,1,10,500,"[3, 5]",2.0
1060,2,add,1,20,10,"[3, 8, 7, 1, 5]",0.125
1061,2,add,1,20,50,"[3, 5]",2.0
1062,2,add,1,20,100,"[3, 5]",2.0
1063,2,add,1,20,200,"[3, 5]",2.0
1064,2,add,1,20,500,"[3, 5]",2.0
1065,2,add,1,50,10,"[3, 0, 1, 9, 5]",0.25
1066,2,add,1,50,50,"[3, 0, 1, 9, 5]",0.25
1067,2,add,1,50,100,"[3, 5]",2.0
1068,2,add,1,50,200,"[3, 5]",2.0
1069,2,add,1,50,500,"[3, 5]",2.0
1070,2,add,1,100,10,"[3, 5]",2.0
1071,2,add,1,100,50,"[3, 5]",2.0
1072,2,add,1,100,100,"[3, 5]",2.0
1073,2,add,1,100,200,"[3, 5]",2.0
1074,2,add,1,100,500,"[3, 5]",2.0
1075,2,add,2,5,10,"[3, 1, 5]",0.5
1076,2,add,2,5,50,"[3, 5]",2.0
1077,2,add,2,5,100,"[3, 5]",2.0
1078,2,add,2,5,200,"[3, 5]",2.0
1079,2,add,2,5,500,"[3, 5]",2.0
1080,2,add,2,10,10,"[3, 7, 1, 5]",0.25
1081,2,add,2,10,50,"[3, 1, 5]",0.5
1082,2,add,2,10,100,"[3, 5]",2.0
1083,2,add,2,10,200,"[3, 5]",2.0
1084,2,add,2,10,500,"[3, 5]",2.0
1085,2,add,2,20,10,"[3, 8, 7, 1, 5]",0.125
1086,2,add,2,20,50,"[3, 5]",2.0
1087,2,add,2,20,100,"[3, 5]",2.0
1088,2,add,2,20,200,"[3, 5]",2.0
1089,2,add,2,20,500,"[3, 5]",2.0
1090,2,add,2,50,10,"[3, 0, 1, 9, 5]",0.25
1091,2,add,2,50,50,"[3, 0, 1, 9, 5]",0.25
1092,2,add,2,50,100,"[3, 5]",2.0
1093,2,add,2,50,200,"[3, 5]",2.0
1094,2,add,2,50,500,"[3, 5]",2.0
1095,2,add,2,100,10,"[3, 5]",2.0
1096,2,add,2,100,50,"[3, 5]",2.0
1097,2,add,2,100,100,"[3, 5]",2.0
1098,2,add,2,100,200,"[3, 5]",2.0
1099,2,add,2,100,500,"[3, 5]",2.0
1100,2,add,3,5,10,"[3, 1, 5]",0.5
1101,2,add,3,5,50,"[3, 5]",2.0
1102,2,add,3,5,100,"[3, 5]",2.0
1103,2,add,3,5,200,"[3, 5]",2.0
1104,2,add,3,5,500,"[3, 5]",2.0
1105,2,add,3,10,10,"[3, 7, 1, 5]",0.25
1106,2,add,3,10,50,"[3, 1, 5]",0.5
1107,2,add,3,10,100,"[3, 5]",2.0
1108,2,add,3,10,200,"[3, 5]",2.0
1109,2,add,3,10,500,"[3, 5]",2.0
1110,2,add,3,20,10,"[3, 8, 7, 1, 5]",0.125
1111,2,add,3,20,50,"[3, 5]",2.0
1112,2,add,3,20,100,"[3, 5]",2.0
1113,2,add,3,20,200,"[3, 5]",2.0
1114,2,add,3,20,500,"[3, 5]",2.0
1115,2,add,3,50,10,"[3, 0, 1, 9, 5]",0.25
1116,2,add,3,50,50,"[3, 0, 1, 9, 5]",0.25
1117,2,add,3,50,100,"[3, 5]",2.0
1118,2,add,3,50,200,"[3, 5]",2.0
1119,2,add,3,50,500,"[3, 5]",2.0
1120,2,add,3,100,10,"[3, 5]",2.0
1121,2,add,3,100,50,"[3, 5]",2.0
1122,2,add,3,100,100,"[3, 5]",2.0
1123,2,add,3,100,200,"[3, 5]",2.0
1124,2,add,3,100,500,"[3, 5]",2.0
1125,2,add,5,5,10,"[3, 1, 5]",0.5
1126,2,add,5,5,50,"[3, 5]",2.0
1127,2,add,5,5,100,"[3, 5]",2.0
1128,2,add,5,5,200,"[3, 5]",2.0
1129,2,add,5,5,500,"[3, 5]",2.0
1130,2,add,5,10,10,"[3, 7, 1, 5]",0.25
1131,2,add,5,10,50,"[3, 1, 5]",0.5
1132,2,add,5,10,100,"[3, 5]",2.0
1133,2,add,5,10,200,"[3, 5]",2.0
1134,2,add,5,10,500,"[3, 5]",2.0
1135,2,add,5,20,10,"[3, 8, 7, 1, 5]",0.125
1136,2,add,5,20,50,"[3, 5]",2.0
1137,2,add,5,20,100,"[3, 5]",2.0
1138,2,add,5,20,200,"[3, 5]",2.0
1139,2,add,5,20,500,"[3, 5]",2.0
1140,2,add,5,50,10,"[3, 0, 1, 9, 5]",0.25
1141,2,add,5,50,50,"[3, 0, 1, 9, 5]",0.25
1142,2,add,5,50,100,"[3, 5]",2.0
1143,2,add,5,50,200,"[3, 5]",2.0
1144,2,add,5,50,500,"[3, 5]",2.0
1145,2,add,5,100,10,"[3, 5]",2.0
1146,2,add,5,100,50,"[3, 5]",2.0
1147,2,add,5,100,100,"[3, 5]",2.0
1148,2,add,5,100,200,"[3, 5]",2.0
1149,2,add,5,100,500,"[3, 5]",2.0
1150,2,add,8,5,10,"[3, 1, 5]",0.5
1151,2,add,8,5,50,"[3, 5]",2.0
1152,2,add,8,5,100,"[3, 5]",2.0
1153,2,add,8,5,200,"[3, 5]",2.0
1154,2,add,8,5,500,"[3, 5]",2.0
1155,2,add,8,10,10,"[3, 7, 1, 5]",0.25
1156,2,add,8,10,50,"[3, 1, 5]",0.5
1157,2,add,8,10,100,"[3, 5]",2.0
1158,2,add,8,10,200,"[3, 5]",2.0
1159,2,add,8,10,500,"[3, 5]",2.0
1160,2,add,8,20,10,"[3, 8, 7, 1, 5]",0.125
1161,2,add,8,20,50,"[3, 5]",2.0
1162,2,add,8,20,100,"[3, 5]",2.0
1163,2,add,8,20,200,"[3, 5]",2.0
1164,2,add,8,20,500,"[3, 5]",2.0
1165,2,add,8,50,10,"[3, 0, 1, 9, 5]",0.25
1166,2,add,8,50,50,"[3, 0, 1, 9, 5]",0.25
1167,2,add,8,50,100,"[3, 5]",2.0
1168,2,add,8,50,200,"[3, 5]",2.0
1169,2,add,8,50,500,"[3, 5]",2.0
1170,2,add,8,100,10,"[3, 5]",2.0
1171,2,add,8,100,50,"[3, 5]",2.0
1172,2,add,8,100,100,"[3, 5]",2.0
1173,2,add,8,100,200,"[3, 5]",2.0
1174,2,add,8,100,500,"[3, 5]",2.0
1175,2,add,13,5,10,"[3, 1, 5]",0.5
1176,2,add,13,5,50,"[3, 5]",2.0
1177,2,add,13,5,100,"[3, 5]",2.0
1178,2,add,13,5,200,"[3, 5]",2.0
1179,2,add,13,5,500,"[3, 5]",2.0
1180,2,add,13,10,10,"[3, 7, 1, 5]",0.25
1181,2,add,13,10,50,"[3, 1, 5]",0.5
1182,2,add,13,10,100,"[3, 5]",2.0
1183,2,add,13,10,200,"[3, 5]",2.0
1184,2,add,13,10,500,"[3, 5]",2.0
1185,2,add,13,20,10,"[3, 8, 7, 1, 5]",0.125
1186,2,add,13,20,50,"[3, 5]",2.0
1187,2,add,13,20,100,"[3, 5]",2.0
1188,2,add,13,20,200,"[3, 5]",2.0
1189,2,add,13,20,500,"[3, 5]",2.0
1190,2,add,13,50,10,"[3, 0, 1, 9, 5]",0.25
1191,2,add,13,50,50,"[3, 0, 1, 9, 5]",0.25
1192,2,add,13,50,100,"[3, 5]",2.0
1193,2,add,13,50,200,"[3, 5]",2.0
1194,2,add,13,50,500,"[3, 5]",2.0
1195,2,add,13,100,10,"[3, 5]",2.0
1196,2,add,13,100,50,"[3, 5]",2.0
1197,2,add,13,100,100,"[3, 5]",2.0
1198,2,add,13,100,200,"[3, 5]",2.0
1199,2,add,13,100,500,"[3, 5]",2.0
1200,2,add,21,5,10,"[3, 1, 5]",0.5
1201,2,add,21,5,50,"[3, 5]",2.0
1202,2,add,21,5,100,"[3, 5]",2.0
1203,2,add,21,5,200,"[3, 5]",2.0
1204,2,add,21,5,500,"[3, 5]",2.0
1205,2,add,21,10,10,"[3, 7, 1, 5]",0.25
1206,2,add,21,10,50,"[3, 1, 5]",0.5
1207,2,add,21,10,100,"[3, 5]",2.0
1208,2,add,21,10,200,"[3, 5]",2.0
1209,2,add,21,10,500,"[3, 5]",2.0
1210,2,add,21,20,10,"[3, 8, 7, 1, 5]",0.125
1211,2,add,21,20,50,"[3, 5]",2.0
1212,2,add,21,20,100,"[3, 5]",2.0
1213,2,add,21,20,200,"[3, 5]",2.0
1214,2,add,21,20,500,"[3, 5]",2.0
1215,2,add,21,50,10,"[3, 0, 1, 9, 5]",0.25
1216,2,add,21,50,50,"[3, 0, 1, 9, 5]",0.25
1217,2,add,21,50,100,"[3, 5]",2.0
1218,2,add,21,50,200,"[3, 5]",2.0
1219,2,add,21,50,500,"[3, 5]",2.0
1220,2,add,21,100,10,"[3, 5]",2.0
1221,2,add,21,100,50,"[3, 5]",2.0
1222,2,add,21,100,100,"[3, 5]",2.0
1223,2,add,21,100,200,"[3, 5]",2.0
1224,2,add,21,100,500,"[3, 5]",2.0
1225,2,all,1,5,10,"[3, 1, 7, 6, 5]",0.0625
1226,2,all,1,5,50,"[3, 5]",2.0
1227,2,all,1,5,100,"[3, 5]",2.0
1228,2,all,1,5,200,"[3, 5]",2.0
1229,2,all,1,5,500,"[3, 5]",2.0
1230,2,all,1,10,10,"[3, 2, 0, 6, 8, 9, 7, 1, 5]",0.0078125
1231,2,all,1,10,50,"[3, 5]",2.0
1232,2,all,1,10,100,"[3, 5]",2.0
1233,2,all,1,10,200,"[3, 5]",2.0
1234,2,all,1,10,500,"[3, 5]",2.0
1235,2,all,1,20,10,"[3, 4, 5]",0.25
1236,2,all,1,20,50,"[3, 5]",2.0
1237,2,all,1,20,100,"[3, 5]",2.0
1238,2,all,1,20,200,"[3, 5]",2.0
1239,2,all,1,20,500,"[3, 5]",2.0
1240,2,all,1,50,10,"[3, 0, 7, 8, 4, 9, 5]",0.03125
1241,2,all,1,50,50,"[3, 5]",2.0
1242,2,all,1,50,100,"[3, 5]",2.0
1243,2,all,1,50,200,"[3, 5]",2.0
1244,2,all,1,50,500,"[3, 5]",2.0
1245,2,all,1,100,10,"[3, 4, 5]",0.25
1246,2,all,1,100,50,"[3, 0, 5]",0.5
1247,2,all,1,100,100,"[3, 5]",2.0
1248,2,all,1,100,200,"[3, 5]",2.0
1249,2,all,1,100,500,"[3, 5]",2.0
1250,2,all,2,5,10,"[3, 1, 7, 6, 5]",0.0625
1251,2,all,2,5,50,"[3, 5]",2.0
1252,2,all,2,5,100,"[3, 5]",2.0
1253,2,all,2,5,200,"[3, 5]",2.0
1254,2,all,2,5,500,"[3, 5]",2.0
1255,2,all,2,10,10,"[3, 2, 0, 6, 8, 9, 7, 1, 5]",0.0078125
1256,2,all,2,10,50,"[3, 5]",2.0
1257,2,all,2,10,100,"[3, 5]",2.0
1258,2,all,2,10,200,"[3, 5]",2.0
1259,2,all,2,10,500,"[3, 5]",2.0
1260,2,all,2,20,10,"[3, 4, 5]",0.25
1261,2,all,2,20,50,"[3, 5]",2.0
1262,2,all,2,20,100,"[3, 5]",2.0
1263,2,all,2,20,200,"[3, 5]",2.0
1264,2,all,2,20,500,"[3, 5]",2.0
1265,2,all,2,50,10,"[3, 0, 7, 8, 4, 9, 5]",0.03125
1266,2,all,2,50,50,"[3, 5]",2.0
1267,2,all,2,50,100,"[3, 5]",2.0
1268,2,all,2,50,200,"[3, 5]",2.0
1269,2,all,2,50,500,"[3, 5]",2.0
1270,2,all,2,100,10,"[3, 4, 5]",0.25
1271,2,all,2,100,50,"[3, 0, 5]",0.5
1272,2,all,2,100,100,"[3, 5]",2.0
1273,2,all,2,100,200,"[3, 5]",2.0
1274,2,all,2,100,500,"[3, 5]",2.0
1275,2,all,3,5,10,"[3, 1, 7, 6, 5]",0.0625
1276,2,all,3,5,50,"[3, 5]",2.0
1277,2,all,3,5,100,"[3, 5]",2.0
1278,2,all,3,5,200,"[3, 5]",2.0
1279,2,all,3,5,500,"[3, 5]",2.0
1280,2,all,3,10,10,"[3, 2, 0, 6, 8, 9, 7, 1, 5]",0.0078125
1281,2,all,3,10,50,"[3, 5]",2.0
1282,2,all,3,10,100,"[3, 5]",2.0
1283,2,all,3,10,200,"[3, 5]",2.0
1284,2,all,3,10,500,"[3, 5]",2.0
1285,2,all,3,20,10,"[3, 4, 5]",0.25
1286,2,all,3,20,50,"[3, 5]",2.0
1287,2,all,3,20,100,"[3, 5]",2.0
1288,2,all,3,20,200,"[3, 5]",2.0
1289,2,all,3,20,500,"[3, 5]",2.0
1290,2,all,3,50,10,"[3, 0, 7, 8, 4, 9, 5]",0.03125
1291,2,all,3,50,50,"[3, 5]",2.0
1292,2,all,3,50,100,"[3, 5]",2.0
1293,2,all,3,50,200,"[3, 5]",2.0
1294,2,all,3,50,500,"[3, 5]",2.0
1295,2,all,3,100,10,"[3, 4, 5]",0.25
1296,2,all,3,100,50,"[3, 0, 5]",0.5
1297,2,all,3,100,100,"[3, 5]",2.0
1298,2,all,3,100,200,"[3, 5]",2.0
1299,2,all,3,100,500,"[3, 5]",2.0
1300,2,all,5,5,10,"[3, 1, 7, 6, 5]",0.0625
1301,2,all,5,5,50,"[3, 5]",2.0
1302,2,all,5,5,100,"[3, 5]",2.0
1303,2,all,5,5,200,"[3, 5]",2.0
1304,2,all,5,5,500,"[3, 5]",2.0
1305,2,all,5,10,10,"[3, 2, 0, 6, 8, 9, 7, 1, 5]",0.0078125
1306,2,all,5,10,50,"[3, 5]",2.0
1307,2,all,5,10,100,"[3, 5]",2.0
1308,2,all,5,10,200,"[3, 5]",2.0
1309,2,all,5,10,500,"[3, 5]",2.0
1310,2,all,5,20,10,"[3, 4, 5]",0.25
1311,2,all,5,20,50,"[3, 5]",2.0
1312,2,all,5,20,100,"[3, 5]",2.0
1313,2,all,5,20,200,"[3, 5]",2.0
1314,2,all,5,20,500,"[3, 5]",2.0
1315,2,all,5,50,10,"[3, 0, 7, 8, 4, 9, 5]",0.03125
1316,2,all,5,50,50,"[3, 5]",2.0
1317,2,all,5,50,100,"[3, 5]",2.0
1318,2,all,5,50,200,"[3, 5]",2.0
1319,2,all,5,50,500,"[3, 5]",2.0
1320,2,all,5,100,10,"[3, 4, 5]",0.25
1321,2,all,5,100,50,"[3, 0, 5]",0.5
1322,2,all,5,100,100,"[3, 5]",2.0
1323,2,all,5,100,200,"[3, 5]",2.0
1324,2,all,5,100,500,"[3, 5]",2.0
1325,2,all,8,5,10,"[3, 1, 7, 6, 5]",0.0625
1326,2,all,8,5,50,"[3, 5]",2.0
1327,2,all,8,5,100,"[3, 5]",2.0
1328,2,all,8,5,200,"[3, 5]",2.0
1329,2,all,8,5,500,"[3, 5]",2.0
1330,2,all,8,10,10,"[3, 2, 0, 6, 8, 9, 7, 1, 5]",0.0078125
1331,2,all,8,10,50,"[3, 5]",2.0
1332,2,all,8,10,100,"[3, 5]",2.0
1333,2,all,8,10,200,"[3, 5]",2.0
1334,2,all,8,10,500,"[3, 5]",2.0
1335,2,all,8,20,10,"[3, 4, 5]",0.25
1336,2,all,8,20,50,"[3, 5]",2.0
1337,2,all,8,20,100,"[3, 5]",2.0
1338,2,all,8,20,200,"[3, 5]",2.0
1339,2,all,8,20,500,"[3, 5]",2.0
1340,2,all,8,50,10,"[3, 0, 7, 8, 4, 9, 5]",0.03125
1341,2,all,8,50,50,"[3, 5]",2.0
1342,2,all,8,50,100,"[3, 5]",2.0
1343,2,all,8,50,200,"[3, 5]",2.0
1344,2,all,8,50,500,"[3, 5]",2.0
1345,2,all,8,100,10,"[3, 4, 5]",0.25
1346,2,all,8,100,50,"[3, 0, 5]",0.5
1347,2,all,8,100,100,"[3, 5]",2.0
1348,2,all,8,100,200,"[3, 5]",2.0
1349,2,all,8,100,500,"[3, 5]",2.0
1350,2,all,13,5,10,"[3, 1, 7, 6, 5]",0.0625
1351,2,all,13,5,50,"[3, 5]",2.0
1352,2,all,13,5,100,"[3, 5]",2.0
1353,2,all,13,5,200,"[3, 5]",2.0
1354,2,all,13,5,500,"[3, 5]",2.0
1355,2,all,13,10,10,"[3, 2, 0, 6, 8, 9, 7, 1, 5]",0.0078125
1356,2,all,13,10,50,"[3, 5]",2.0
1357,2,all,13,10,100,"[3, 5]",2.0
1358,2,all,13,10,200,"[3, 5]",2.0
1359,2,all,13,10,500,"[3, 5]",2.0
1360,2,all,13,20,10,"[3, 4, 5]",0.25
1361,2,all,13,20,50,"[3, 5]",2.0
1362,2,all,13,20,100,"[3, 5]",2.0
1363,2,all,13,20,200,"[3, 5]",2.0
1364,2,all,13,20,500,"[3, 5]",2.0
1365,2,all,13,50,10,"[3, 0, 7, 8, 4, 9, 5]",0.03125
1366,2,all,13,50,50,"[3, 5]",2.0
1367,2,all,13,50,100,"[3, 5]",2.0
1368,2,all,13,50,200,"[3, 5]",2.0
1369,2,all,13,50,500,"[3, 5]",2.0
1370,2,all,13,100,10,"[3, 4, 5]",0.25
1371,2,all,13,100,50,"[3, 0, 5]",0.5
1372,2,all,13,100,100,"[3, 5]",2.0
1373,2,all,13,100,200,"[3, 5]",2.0
1374,2,all,13,100,500,"[3, 5]",2.0
1375,2,all,21,5,10,"[3, 1, 7, 6, 5]",0.0625
1376,2,all,21,5,50,"[3, 5]",2.0
1377,2,all,21,5,100,"[3, 5]",2.0
1378,2,all,21,5,200,"[3, 5]",2.0
1379,2,all,21,5,500,"[3, 5]",2.0
1380,2,all,21,10,10,"[3, 2, 0, 6, 8, 9, 7, 1, 5]",0.0078125
1381,2,all,21,10,50,"[3, 5]",2.0
1382,2,all,21,10,100,"[3, 5]",2.0
1383,2,all,21,10,200,"[3, 5]",2.0
1384,2,all,21,10,500,"[3, 5]",2.0
1385,2,all,21,20,10,"[3, 4, 5]",0.25
1386,2,all,21,20,50,"[3, 5]",2.0
1387,2,all,21,20,100,"[3, 5]",2.0
1388,2,all,21,20,200,"[3, 5]",2.0
1389,2,all,21,20,500,"[3, 5]",2.0
1390,2,all,21,50,10,"[3, 0, 7, 8, 4, 9, 5]",0.03125
1391,2,all,21,50,50,"[3, 5]",2.0
1392,2,all,21,50,100,"[3, 5]",2.0
1393,2,all,21,50,200,"[3, 5]",2.0
1394,2,all,21,50,500,"[3, 5]",2.0
1395,2,all,21,100,10,"[3, 4, 5]",0.25
1396,2,all,21,100,50,"[3, 0, 5]",0.5
1397,2,all,21,100,100,"[3, 5]",2.0
1398,2,all,21,100,200,"[3, 5]",2.0
1399,2,all,21,100,500,"[3, 5]",2.0
